airport_iata_code,observed_city_name,origin_flight_count,destination_flight_count,total_flight_appearances,reference_airport_name,reference_city,reference_country,latitude_deg,longitude_deg,iana_timezone,reference_match_found,mapping_method,mapping_status,notes
ABE,"Allentown/Bethlehem/Easton, PA",2023,2044,4067,Lehigh Valley International Airport,Allentown,US,40.652363,-75.440406,America/New_York,True,Matched by IATA code using airportsdata version 20260905,mapped_validated,
ABI,"Abilene, TX",901,943,1844,Abilene Regional Airport,Abilene,US,32.411333,-99.681889,America/Chicago,True,Matched by IATA code using airportsdata version 20260905,mapped_validated,
ABQ,"Albuquerque, NM",9284,9264,18548,Albuquerque International Sunport Airport,Albuquerque,US,35.038932,-106.608262,America/Denver,True,Matched by IATA code using airportsdata version 20260905,mapped_validated,
ABR,"Aberdeen, SD",332,330,662,Aberdeen Regional Airport,Aberdeen,US,45.446798,-98.422441,America/Chicago,True,Matched by IATA code using airportsdata version 20260905,mapped_validated,
ABY,"Albany, GA",436,437,873,Southwest Georgia Regional Airport,Albany,US,31.53553,-84.194483,America/New_York,True,Matched by IATA code using airportsdata version 20260905,mapped_validated,
ACK,"Nantucket, MA",599,629,1228,Nantucket Memorial Airport,Nantucket,US,41.253299,-70.060511,America/New_York,True,Matched by IATA code using airportsdata version 20260905,mapped_validated,
ACT,"Waco, TX",719,675,1394,Waco Regional Airport,Waco,US,31.612194,-97.230306,America/Chicago,True,Matched by IATA code using airportsdata version 20260905,mapped_validated,
ACV,"Arcata/Eureka, CA",842,849,1691,California Redwood Coast-Humboldt County Airport,Arcata/Eureka,US,40.977826,-124.108469,America/Los_Angeles,True,Matched by IATA code using airportsdata version 20260905,mapped_validated,
ACY,"Atlantic City, NJ",1355,1350,2705,Atlantic City International Airport,Atlantic City,US,39.457576,-74.577155,America/New_York,True,Matched by IATA code using airportsdata version 20260905,mapped_validated,
ADK,"Adak Island, AK",41,53,94,Adak Airport,Adak Island,US,51.883583,-176.642482,America/Adak,True,Matched by IATA code using airportsdata version 20260905,mapped_validated,
ADQ,"Kodiak, AK",373,361,734,Kodiak Airport,Kodiak,US,57.749794,-152.493944,America/Anchorage,True,Matched by IATA code using airportsdata version 20260905,mapped_validated,
AEX,"Alexandria, LA",1188,1148,2336,Alexandria International Airport,Alexandria,US,31.327372,-92.548556,America/Chicago,True,Matched by IATA code using airportsdata version 20260905,mapped_validated,
AGS,"Augusta, GA",1834,1837,3671,Augusta Regional At Bush Field,Augusta,US,33.369954,-81.964498,America/New_York,True,Matched by IATA code using airportsdata version 20260905,mapped_validated,
AKN,"King Salmon, AK",154,123,277,King Salmon Airport,King Salmon,US,58.676495,-156.64869,America/Anchorage,True,Matched by IATA code using airportsdata version 20260905,mapped_validated,
ALB,"Albany, NY",4870,4978,9848,Albany International Airport,Albany,US,42.749116,-73.80198,America/New_York,True,Matched by IATA code using airportsdata version 20260905,mapped_validated,
ALO,"Waterloo, IA",268,255,523,Waterloo Regional Airport,Waterloo,US,42.558449,-92.401023,America/Chicago,True,Matched by IATA code using airportsdata version 20260905,mapped_validated,
ALS,"Alamosa, CO",87,101,188,San Luis Valley Regional/Bergman Field,Alamosa,US,37.435125,-105.867875,America/Denver,True,Matched by IATA code using airportsdata version 20260905,mapped_validated,
ALW,"Walla Walla, WA",162,158,320,Walla Walla Regional Airport,Walla Walla,US,46.092542,-118.284082,America/Los_Angeles,True,Matched by IATA code using airportsdata version 20260905,mapped_validated,
AMA,"Amarillo, TX",2195,2307,4502,Rick Husband Amarillo International Airport,Amarillo,US,35.219361,-101.705917,America/Chicago,True,Matched by IATA code using airportsdata version 20260905,mapped_validated,
ANC,"Anchorage, AK",8400,8647,17047,Ted Stevens Anchorage International Airport,Anchorage,US,61.174085,-149.998138,America/Anchorage,True,Matched by IATA code using airportsdata version 20260905,mapped_validated,
APN,"Alpena, MI",287,266,553,Alpena County Regional Airport,Alpena,US,45.078083,-83.560306,America/New_York,True,Matched by IATA code using airportsdata version 20260905,mapped_validated,
ART,"Watertown, NY",21,26,47,Watertown International Airport,Watertown,US,43.991833,-76.019417,America/New_York,True,Matched by IATA code using airportsdata version 20260905,mapped_validated,
ASE,"Aspen, CO",2859,2958,5817,Aspen-Pitkin County/Sardy Field,Aspen,US,39.221878,-106.868233,America/Denver,True,Matched by IATA code using airportsdata version 20260905,mapped_validated,
ATL,"Atlanta, GA",153556,153569,307125,Hartsfield/Jackson Atlanta International Airport,Atlanta,US,33.6367,-84.427864,America/New_York,True,Matched by IATA code using airportsdata version 20260905,mapped_validated,
ATW,"Appleton, WI",2029,2223,4252,Appleton International Airport,Appleton,US,44.258093,-88.519072,America/Chicago,True,Matched by IATA code using airportsdata version 20260905,mapped_validated,
ATY,"Watertown, SD",158,172,330,Watertown Regional Airport,Watertown,US,44.913972,-97.154722,America/Chicago,True,Matched by IATA code using airportsdata version 20260905,mapped_validated,
AUS,"Austin, TX",32671,32571,65242,Austin-Bergstrom International Airport,Austin,US,30.194527,-97.669876,America/Chicago,True,Matched by IATA code using airportsdata version 20260905,mapped_validated,
AVL,"Asheville, NC",4149,4233,8382,Asheville Regional Airport,Asheville,US,35.436113,-82.542047,America/New_York,True,Matched by IATA code using airportsdata version 20260905,mapped_validated,
AVP,"Scranton/Wilkes-Barre, PA",1047,1022,2069,Wilkes-Barre/Scranton International Airport,Wilkes-Barre/Scranton,US,41.338472,-75.723389,America/New_York,True,Matched by IATA code using airportsdata version 20260905,mapped_validated,
AZA,"Phoenix, AZ",2731,2747,5478,Mesa Gateway Airport,Phoenix,US,33.307824,-111.655459,America/Phoenix,True,Matched by IATA code using airportsdata version 20260905,mapped_validated,
AZO,"Kalamazoo, MI",816,806,1622,Kalamazoo/Battle Creek International Airport,Kalamazoo,US,42.234389,-85.551556,America/Detroit,True,Matched by IATA code using airportsdata version 20260905,mapped_validated,
BDL,"Hartford, CT",10553,10477,21030,Bradley International Airport,Windsor Locks,US,41.939032,-72.684316,America/New_York,True,Matched by IATA code using airportsdata version 20260905,mapped_validated,
BET,"Bethel, AK",314,298,612,Bethel Airport,Bethel,US,60.778556,-161.837167,America/Anchorage,True,Matched by IATA code using airportsdata version 20260905,mapped_validated,
BFF,"Scottsbluff, NE",300,287,587,Scottsbluff/Western Nebraska Regional/Wm  B Heilig Field,Scottsbluff,US,41.874028,-103.595639,America/Denver,True,Matched by IATA code using airportsdata version 20260905,mapped_validated,
BFL,"Bakersfield, CA",1191,1158,2349,Meadows Field,Bakersfield,US,35.433861,-119.057667,America/Los_Angeles,True,Matched by IATA code using airportsdata version 20260905,mapped_validated,
BFM,"Mobile, AL",27,24,51,Mobile International Airport,Mobile,US,30.626781,-88.068091,America/Chicago,True,Matched by IATA code using airportsdata version 20260905,mapped_validated,
BGM,"Binghamton, NY",260,267,527,Greater Binghamton/Edwin A Link Field,Binghamton,US,42.208444,-75.979611,America/New_York,True,Matched by IATA code using airportsdata version 20260905,mapped_validated,
BGR,"Bangor, ME",1784,1806,3590,Bangor International Airport,Bangor,US,44.807444,-68.828139,America/New_York,True,Matched by IATA code using airportsdata version 20260905,mapped_validated,
BHM,"Birmingham, AL",7061,7106,14167,Birmingham-Shuttlesworth International Airport,Birmingham,US,33.563889,-86.752306,America/Chicago,True,Matched by IATA code using airportsdata version 20260905,mapped_validated,
BIH,"Bishop, CA",68,51,119,Bishop Airport,Bishop,US,37.373111,-118.363611,America/Los_Angeles,True,Matched by IATA code using airportsdata version 20260905,mapped_validated,
BIL,"Billings, MT",2021,1982,4003,Billings Logan International Airport,Billings,US,45.807849,-108.543544,America/Denver,True,Matched by IATA code using airportsdata version 20260905,mapped_validated,
BIS,"Bismarck/Mandan, ND",1756,1812,3568,Bismarck Municipal Airport,Bismarck,US,46.772734,-100.745738,America/Chicago,True,Matched by IATA code using airportsdata version 20260905,mapped_validated,
BJI,"Bemidji, MN",335,334,669,Bemidji Regional Airport,Bemidji,US,47.510722,-94.934722,America/Chicago,True,Matched by IATA code using airportsdata version 20260905,mapped_validated,
BKG,"Branson, MO",40,42,82,Branson Airport,Branson,US,36.532083,-93.200544,America/Chicago,True,Matched by IATA code using airportsdata version 20260905,mapped_validated,
BLI,"Bellingham, WA",1122,1163,2285,Bellingham International Airport,Bellingham,US,48.792694,-122.537528,America/Los_Angeles,True,Matched by IATA code using airportsdata version 20260905,mapped_validated,
BLV,"Belleville, IL",530,522,1052,Scott Afb/Midamerica St Louis Airport,Belleville,US,38.545173,-89.835186,America/Chicago,True,Matched by IATA code using airportsdata version 20260905,mapped_validated,
BMI,"Bloomington/Normal, IL",1183,1211,2394,Central Il Regional/Bloomington-Normal Airport,Bloomington/Normal,US,40.477111,-88.915917,America/Chicago,True,Matched by IATA code using airportsdata version 20260905,mapped_validated,
BNA,"Nashville, TN",37478,37374,74852,Nashville International Airport,Nashville,US,36.124475,-86.678181,America/Chicago,True,Matched by IATA code using airportsdata version 20260905,mapped_validated,
BOI,"Boise, ID",10097,10049,20146,Boise Air Trml/Gowen Field,Boise,US,43.564361,-116.222861,America/Boise,True,Matched by IATA code using airportsdata version 20260905,mapped_validated,
BOS,"Boston, MA",55394,55611,111005,General Edward Lawrence Logan International Airport,Boston,US,42.362944,-71.006389,America/New_York,True,Matched by IATA code using airportsdata version 20260905,mapped_validated,
BPT,"Beaumont/Port Arthur, TX",405,412,817,Jack Brooks Regional Airport,Beaumont/Port Arthur,US,29.950831,-94.020699,America/Chicago,True,Matched by IATA code using airportsdata version 20260905,mapped_validated,
BQK,"Brunswick, GA",431,394,825,Brunswick Golden Isles Airport,Brunswick,US,31.259035,-81.466316,America/New_York,True,Matched by IATA code using airportsdata version 20260905,mapped_validated,
BQN,"Aguadilla, PR",906,919,1825,Rafael Hernandez Airport,Aguadilla,US,18.494852,-67.129442,America/Puerto_Rico,True,Matched by IATA code using airportsdata version 20260905,mapped_validated,
BRD,"Brainerd, MN",324,270,594,Brainerd Lakes Regional Airport,Brainerd,US,46.404222,-94.133806,America/Chicago,True,Matched by IATA code using airportsdata version 20260905,mapped_validated,
BRO,"Brownsville, TX",797,792,1589,Brownsville/South Padre Island International Airport,Brownsville,US,25.906139,-97.426,America/Chicago,True,Matched by IATA code using airportsdata version 20260905,mapped_validated,
BRW,"Barrow, AK",214,187,401,Wiley Post-Will Rogers Memorial Airport,Utqiagvik,US,71.284861,-156.768583,America/Anchorage,True,Matched by IATA code using airportsdata version 20260905,mapped_validated,
BTM,"Butte, MT",363,297,660,Bert Mooney Airport,Butte,US,45.954806,-112.497472,America/Denver,True,Matched by IATA code using airportsdata version 20260905,mapped_validated,
BTR,"Baton Rouge, LA",2425,2368,4793,"Baton Rouge Metro, Ryan Field",Baton Rouge,US,30.532917,-91.149889,America/Chicago,True,Matched by IATA code using airportsdata version 20260905,mapped_validated,
BTV,"Burlington, VT",3332,3388,6720,Patrick Leahy Burlington International Airport,Burlington,US,44.471955,-73.153276,America/New_York,True,Matched by IATA code using airportsdata version 20260905,mapped_validated,
BUF,"Buffalo, NY",8743,8593,17336,Buffalo Niagara International Airport,Buffalo,US,42.940427,-78.73057,America/New_York,True,Matched by IATA code using airportsdata version 20260905,mapped_validated,
BUR,"Burbank, CA",12211,12271,24482,Hollywood Burbank Airport,Burbank,US,34.200694,-118.358667,America/Los_Angeles,True,Matched by IATA code using airportsdata version 20260905,mapped_validated,
BWI,"Baltimore, MD",41043,41139,82182,Baltimore/Washington International Thurgood Marshall Airport,Baltimore,US,39.175728,-76.668991,America/New_York,True,Matched by IATA code using airportsdata version 20260905,mapped_validated,
BZN,"Bozeman, MT",4322,4310,8632,Bozeman Yellowstone International Airport,Bozeman,US,45.777236,-111.15026,America/Denver,True,Matched by IATA code using airportsdata version 20260905,mapped_validated,
CAE,"Columbia, SC",2809,2819,5628,Columbia Metro Airport,Columbia,US,33.938838,-81.119536,America/New_York,True,Matched by IATA code using airportsdata version 20260905,mapped_validated,
CAK,"Akron, OH",1608,1576,3184,Akron-Canton Regional Airport,Akron,US,40.915056,-81.443639,America/New_York,True,Matched by IATA code using airportsdata version 20260905,mapped_validated,
CDB,"Cold Bay, AK",28,17,45,Cold Bay Airport,Cold Bay,US,55.205917,-162.72625,America/Anchorage,True,Matched by IATA code using airportsdata version 20260905,mapped_validated,
CDC,"Cedar City, UT",300,284,584,Cedar City Regional Airport,Cedar City,US,37.70097,-113.098851,America/Denver,True,Matched by IATA code using airportsdata version 20260905,mapped_validated,
CDV,"Cordova, AK",337,330,667,Merle K (Mudhole) Smith Airport,Cordova,US,60.49164,-145.477558,America/Anchorage,True,Matched by IATA code using airportsdata version 20260905,mapped_validated,
CGI,"Cape Girardeau, MO",306,263,569,Cape Girardeau Regional Airport,Cape Girardeau,US,37.225315,-89.570759,America/Chicago,True,Matched by IATA code using airportsdata version 20260905,mapped_validated,
CHA,"Chattanooga, TN",2864,2863,5727,Lovell Field,Chattanooga,US,35.035194,-85.203556,America/New_York,True,Matched by IATA code using airportsdata version 20260905,mapped_validated,
CHO,"Charlottesville, VA",1615,1618,3233,Charlottesville-Albemarle Airport,Charlottesville,US,38.139643,-78.452344,America/New_York,True,Matched by IATA code using airportsdata version 20260905,mapped_validated,
CHS,"Charleston, SC",10622,10840,21462,Charleston Afb/International Airport,Charleston,US,32.898639,-80.040528,America/New_York,True,Matched by IATA code using airportsdata version 20260905,mapped_validated,
CID,"Cedar Rapids/Iowa City, IA",3634,3716,7350,The Eastern Iowa Airport,Cedar Rapids,US,41.884694,-91.710806,America/Chicago,True,Matched by IATA code using airportsdata version 20260905,mapped_validated,
CIU,"Sault Ste. Marie, MI",351,340,691,Chippewa County International Airport,Sault Ste Marie,US,46.250752,-84.472384,America/New_York,True,Matched by IATA code using airportsdata version 20260905,mapped_validated,
CKB,"Clarksburg/Fairmont, WV",394,343,737,North Central West Virginia Airport,Clarksburg,US,39.297655,-80.227532,America/New_York,True,Matched by IATA code using airportsdata version 20260905,mapped_validated,
CLE,"Cleveland, OH",17966,18003,35969,Cleveland-Hopkins International Airport,Cleveland,US,41.409407,-81.854691,America/New_York,True,Matched by IATA code using airportsdata version 20260905,mapped_validated,
CLL,"College Station/Bryan, TX",729,734,1463,Easterwood Field,College Station,US,30.588042,-96.362544,America/Chicago,True,Matched by IATA code using airportsdata version 20260905,mapped_validated,
CLT,"Charlotte, NC",94304,95413,189717,Charlotte/Douglas International Airport,Charlotte,US,35.213187,-80.951379,America/New_York,True,Matched by IATA code using airportsdata version 20260905,mapped_validated,
CMH,"Columbus, OH",17556,17569,35125,John Glenn Columbus International Airport,Columbus,US,39.996947,-82.892159,America/New_York,True,Matched by IATA code using airportsdata version 20260905,mapped_validated,
CMI,"Champaign/Urbana, IL",855,842,1697,University Of Illinois/Willard Airport,Champaign/Urbana,US,40.038561,-88.276539,America/Chicago,True,Matched by IATA code using airportsdata version 20260905,mapped_validated,
CMX,"Hancock/Houghton, MI",350,327,677,Houghton County Memorial Airport,Hancock,US,47.168417,-88.489069,America/New_York,True,Matched by IATA code using airportsdata version 20260905,mapped_validated,
CNY,"Moab, UT",304,290,594,Canyonlands Regional Airport,Moab,US,38.757631,-109.753462,America/Denver,True,Matched by IATA code using airportsdata version 20260905,mapped_validated,
COD,"Cody, WY",248,231,479,Yellowstone Regional Airport,Cody,US,44.520194,-109.023813,America/Denver,True,Matched by IATA code using airportsdata version 20260905,mapped_validated,
COS,"Colorado Springs, CO",4724,4959,9683,City Of Colorado Springs Municipal Airport,Colorado Springs,US,38.805817,-104.700776,America/Denver,True,Matched by IATA code using airportsdata version 20260905,mapped_validated,
COU,"Columbia, MO",698,764,1462,Columbia Regional Airport,Columbia,US,38.817736,-92.217792,America/Chicago,True,Matched by IATA code using airportsdata version 20260905,mapped_validated,
CPR,"Casper, WY",720,725,1445,Casper/Natrona County International Airport,Casper,US,42.905875,-106.463649,America/Denver,True,Matched by IATA code using airportsdata version 20260905,mapped_validated,
CRP,"Corpus Christi, TX",2020,2014,4034,Corpus Christi International Airport,Corpus Christi,US,27.772182,-97.502422,America/Chicago,True,Matched by IATA code using airportsdata version 20260905,mapped_validated,
CRW,"Charleston/Dunbar, WV",1627,1541,3168,West Virginia International Yeager Airport,Charleston,US,38.376013,-81.592894,America/New_York,True,Matched by IATA code using airportsdata version 20260905,mapped_validated,
CSG,"Columbus, GA",625,623,1248,Columbus Airport,Columbus,US,32.516328,-84.93887,America/New_York,True,Matched by IATA code using airportsdata version 20260905,mapped_validated,
CVG,"Cincinnati, OH",17529,17617,35146,Cincinnati/Northern Kentucky International Airport,Covington,US,39.048837,-84.667821,America/New_York,True,Matched by IATA code using airportsdata version 20260905,mapped_validated,
CWA,"Mosinee, WI",897,864,1761,Central Wisconsin Airport,Mosinee,US,44.777783,-89.665911,America/Chicago,True,Matched by IATA code using airportsdata version 20260905,mapped_validated,
CYS,"Cheyenne, WY",162,185,347,Cheyenne Regional/Jerry Olson Field,Cheyenne,US,41.155639,-104.810472,America/Denver,True,Matched by IATA code using airportsdata version 20260905,mapped_validated,
DAB,"Daytona Beach, FL",1422,1450,2872,Daytona Beach International Airport,Daytona Beach,US,29.179909,-81.058042,America/New_York,True,Matched by IATA code using airportsdata version 20260905,mapped_validated,
DAL,"Dallas, TX",30809,30688,61497,Dallas Love Field,Dallas,US,32.845945,-96.850877,America/Chicago,True,Matched by IATA code using airportsdata version 20260905,mapped_validated,
DAY,"Dayton, OH",4022,4038,8060,James M Cox Dayton International Airport,Dayton,US,39.902252,-84.219412,America/New_York,True,Matched by IATA code using airportsdata version 20260905,mapped_validated,
DBQ,"Dubuque, IA",246,265,511,Dubuque Regional Airport,Dubuque,US,42.402,-90.709472,America/Chicago,True,Matched by IATA code using airportsdata version 20260905,mapped_validated,
DCA,"Washington, DC",53283,53501,106784,Ronald Reagan Washington Ntl Airport,Washington,US,38.85144,-77.037721,America/New_York,True,Matched by IATA code using airportsdata version 20260905,mapped_validated,
DDC,"Dodge City, KS",236,205,441,Dodge City Regional Airport,Dodge City,US,37.763121,-99.965424,America/Chicago,True,Matched by IATA code using airportsdata version 20260905,mapped_validated,
DEC,"Decatur, IL",282,282,564,Decatur Airport,Decatur,US,39.834562,-88.865689,America/Chicago,True,Matched by IATA code using airportsdata version 20260905,mapped_validated,
DEN,"Denver, CO",119919,119592,239511,Denver International Airport,Denver,US,39.861667,-104.673167,America/Denver,True,Matched by IATA code using airportsdata version 20260905,mapped_validated,
DFW,"Dallas/Fort Worth, TX",130334,129770,260104,Dallas-Fort Worth International Airport,Dallas-Fort Worth,US,32.897233,-97.037695,America/Chicago,True,Matched by IATA code using airportsdata version 20260905,mapped_validated,
DHN,"Dothan, AL",483,493,976,Dothan Regional Airport,Dothan,US,31.321018,-85.449478,America/Chicago,True,Matched by IATA code using airportsdata version 20260905,mapped_validated,
DIK,"Dickinson, ND",87,91,178,Dickinson/Theodore Roosevelt Regional Airport,Dickinson,US,46.800474,-102.804435,America/Denver,True,Matched by IATA code using airportsdata version 20260905,mapped_validated,
DLG,"Dillingham, AK",137,134,271,Dillingham Airport,Dillingham,US,59.044667,-158.5055,America/Anchorage,True,Matched by IATA code using airportsdata version 20260905,mapped_validated,
DLH,"Duluth, MN",994,1025,2019,Duluth International Airport,Duluth,US,46.84207,-92.193237,America/Chicago,True,Matched by IATA code using airportsdata version 20260905,mapped_validated,
DRO,"Durango, CO",1585,1568,3153,Durango-La Plata County Airport,Durango,US,37.151528,-107.753778,America/Denver,True,Matched by IATA code using airportsdata version 20260905,mapped_validated,
DRT,"Del Rio, TX",280,269,549,Del Rio International Airport,Del Rio,US,29.374207,-100.927157,America/Chicago,True,Matched by IATA code using airportsdata version 20260905,mapped_validated,
DSM,"Des Moines, IA",6887,6680,13567,Des Moines International Airport,Des Moines,US,41.533973,-93.663072,America/Chicago,True,Matched by IATA code using airportsdata version 20260905,mapped_validated,
DTW,"Detroit, MI",62279,62187,124466,Detroit Metro Wayne County Airport,Detroit,US,42.212431,-83.353393,America/New_York,True,Matched by IATA code using airportsdata version 20260905,mapped_validated,
DVL,"Devils Lake, ND",269,307,576,Devils Lake Regional Airport,Devils Lake,US,48.116591,-98.909988,America/Chicago,True,Matched by IATA code using airportsdata version 20260905,mapped_validated,
EAR,"Kearney, NE",302,305,607,Kearney Regional Airport,Kearney,US,40.727041,-99.00677,America/Chicago,True,Matched by IATA code using airportsdata version 20260905,mapped_validated,
EAT,"Wenatchee, WA",138,141,279,Pangborn Memorial Airport,Wenatchee,US,47.398806,-120.206833,America/Los_Angeles,True,Matched by IATA code using airportsdata version 20260905,mapped_validated,
EAU,"Eau Claire, WI",280,312,592,Chippewa Valley Regional Airport,Eau Claire,US,44.865806,-91.48425,America/Chicago,True,Matched by IATA code using airportsdata version 20260905,mapped_validated,
ECP,"Panama City, FL",3368,3506,6874,Northwest Florida Beaches International Airport,Panama City,US,30.358241,-85.795602,America/Chicago,True,Matched by IATA code using airportsdata version 20260905,mapped_validated,
EGE,"Eagle, CO",1325,1298,2623,Eagle County Regional Airport,Eagle,US,39.64275,-106.915944,America/Denver,True,Matched by IATA code using airportsdata version 20260905,mapped_validated,
EKO,"Elko, NV",245,247,492,Elko Regional Airport,Elko,US,40.824999,-115.791337,America/Los_Angeles,True,Matched by IATA code using airportsdata version 20260905,mapped_validated,
ELM,"Elmira/Corning, NY",472,473,945,Elmira/Corning Regional Airport,Elmira/Corning,US,42.159855,-76.891748,America/New_York,True,Matched by IATA code using airportsdata version 20260905,mapped_validated,
ELP,"El Paso, TX",7095,7178,14273,El Paso International Airport,El Paso,US,31.807333,-106.376361,America/Denver,True,Matched by IATA code using airportsdata version 20260905,mapped_validated,
ERI,"Erie, PA",287,261,548,Erie International/Tom Ridge Field,Erie,US,42.083083,-80.173944,America/New_York,True,Matched by IATA code using airportsdata version 20260905,mapped_validated,
ESC,"Escanaba, MI",314,319,633,Delta County Airport,Escanaba,US,45.722674,-87.093716,America/New_York,True,Matched by IATA code using airportsdata version 20260905,mapped_validated,
EUG,"Eugene, OR",3308,3346,6654,Mahlon Sweet Field,Eugene,US,44.124583,-123.211972,America/Los_Angeles,True,Matched by IATA code using airportsdata version 20260905,mapped_validated,
EVV,"Evansville, IN",1253,1217,2470,Evansville Regional Airport,Evansville,US,38.040804,-87.528494,America/Chicago,True,Matched by IATA code using airportsdata version 20260905,mapped_validated,
EWN,"New Bern/Morehead/Beaufort, NC",672,632,1304,Coastal Carolina Regional Airport,New Bern,US,35.072854,-77.04302,America/New_York,True,Matched by IATA code using airportsdata version 20260905,mapped_validated,
EWR,"Newark, NJ",52989,52824,105813,Newark Liberty International Airport,Newark,US,40.692481,-74.168688,America/New_York,True,Matched by IATA code using airportsdata version 20260905,mapped_validated,
EYW,"Key West, FL",3493,3456,6949,Key West International Airport,Key West,US,24.55612,-81.759956,America/New_York,True,Matched by IATA code using airportsdata version 20260905,mapped_validated,
FAI,"Fairbanks, AK",2020,1930,3950,Fairbanks International Airport,Fairbanks,US,64.815356,-147.856667,America/Anchorage,True,Matched by IATA code using airportsdata version 20260905,mapped_validated,
FAR,"Fargo, ND",2762,2882,5644,Hector International Airport,Fargo,US,46.920639,-96.81575,America/Chicago,True,Matched by IATA code using airportsdata version 20260905,mapped_validated,
FAT,"Fresno, CA",5218,5231,10449,Fresno Yosemite International Airport,Fresno,US,36.776556,-119.718833,America/Los_Angeles,True,Matched by IATA code using airportsdata version 20260905,mapped_validated,
FAY,"Fayetteville, NC",1294,1245,2539,Fayetteville Regional/Grannis Field,Fayetteville,US,34.991211,-78.880274,America/New_York,True,Matched by IATA code using airportsdata version 20260905,mapped_validated,
FCA,"Kalispell, MT",1969,1932,3901,Glacier Park International Airport,Kalispell,US,48.3105,-114.256,America/Denver,True,Matched by IATA code using airportsdata version 20260905,mapped_validated,
FLG,"Flagstaff, AZ",940,909,1849,Flagstaff Pulliam Airport,Flagstaff,US,35.140316,-111.669241,America/Phoenix,True,Matched by IATA code using airportsdata version 20260905,mapped_validated,
FLL,"Fort Lauderdale, FL",40276,40170,80446,Fort Lauderdale/Hollywood International Airport,Fort Lauderdale,US,26.071667,-80.149694,America/New_York,True,Matched by IATA code using airportsdata version 20260905,mapped_validated,
FLO,"Florence, SC",8,17,25,Florence Regional Airport,Florence,US,34.185363,-79.723883,America/New_York,True,Matched by IATA code using airportsdata version 20260905,mapped_validated,
FNT,"Flint, MI",1314,1320,2634,Bishop International Airport,Flint,US,42.965464,-83.744738,America/New_York,True,Matched by IATA code using airportsdata version 20260905,mapped_validated,
FOD,"Fort Dodge, IA",145,148,293,Fort Dodge Regional Airport,Fort Dodge,US,42.551194,-94.191833,America/Chicago,True,Matched by IATA code using airportsdata version 20260905,mapped_validated,
FSD,"Sioux Falls, SD",3277,3326,6603,Joe Foss Field,Sioux Falls,US,43.582018,-96.741925,America/Chicago,True,Matched by IATA code using airportsdata version 20260905,mapped_validated,
FSM,"Fort Smith, AR",708,708,1416,Fort Smith Regional Airport,Fort Smith,US,35.336647,-94.366109,America/Chicago,True,Matched by IATA code using airportsdata version 20260905,mapped_validated,
FWA,"Fort Wayne, IN",2586,2558,5144,Fort Wayne International Airport,Fort Wayne,US,40.978472,-85.195167,America/New_York,True,Matched by IATA code using airportsdata version 20260905,mapped_validated,
GCC,"Gillette, WY",320,348,668,Northeast Wyoming Regional Airport,Gillette,US,44.348908,-105.539367,America/Denver,True,Matched by IATA code using airportsdata version 20260905,mapped_validated,
GCK,"Garden City, KS",370,333,703,Garden City Regional Airport,Garden City,US,37.927528,-100.724417,America/Chicago,True,Matched by IATA code using airportsdata version 20260905,mapped_validated,
GEG,"Spokane, WA",7560,7636,15196,Spokane International Airport,Spokane,US,47.619028,-117.535222,America/Los_Angeles,True,Matched by IATA code using airportsdata version 20260905,mapped_validated,
GFK,"Grand Forks, ND",693,673,1366,Grand Forks International Airport,Grand Forks,US,47.947868,-97.175685,America/Chicago,True,Matched by IATA code using airportsdata version 20260905,mapped_validated,
GGG,"Longview, TX",393,397,790,East Texas Regional Airport,Longview,US,32.384,-94.7115,America/Chicago,True,Matched by IATA code using airportsdata version 20260905,mapped_validated,
GJT,"Grand Junction, CO",1819,1802,3621,Grand Junction Regional Airport,Grand Junction,US,39.121499,-108.525486,America/Denver,True,Matched by IATA code using airportsdata version 20260905,mapped_validated,
GNV,"Gainesville, FL",1819,1798,3617,Gainesville Regional Airport,Gainesville,US,29.690056,-82.271778,America/New_York,True,Matched by IATA code using airportsdata version 20260905,mapped_validated,
GPT,"Gulfport/Biloxi, MS",1666,1656,3322,Gulfport-Biloxi International Airport,Gulfport,US,30.407269,-89.070096,America/Chicago,True,Matched by IATA code using airportsdata version 20260905,mapped_validated,
GRB,"Green Bay, WI",1990,1988,3978,Green Bay/Austin Straubel International Airport,Green Bay,US,44.484634,-88.129713,America/Chicago,True,Matched by IATA code using airportsdata version 20260905,mapped_validated,
GRI,"Grand Island, NE",450,485,935,Central Nebraska Regional Airport,Grand Island,US,40.967543,-98.309639,America/Chicago,True,Matched by IATA code using airportsdata version 20260905,mapped_validated,
GRK,"Killeen, TX",1178,1158,2336,Robert Gray Army Air Field,Fort Hood (Killeen),US,31.06725,-97.828917,America/Chicago,True,Matched by IATA code using airportsdata version 20260905,mapped_validated,
GRR,"Grand Rapids, MI",7660,7518,15178,Gerald R Ford International Airport,Grand Rapids,US,42.880833,-85.522806,America/New_York,True,Matched by IATA code using airportsdata version 20260905,mapped_validated,
GSO,"Greensboro/High Point, NC",4746,4717,9463,Piedmont Triad International Airport,Greensboro,US,36.101327,-79.941123,America/New_York,True,Matched by IATA code using airportsdata version 20260905,mapped_validated,
GSP,"Greer, SC",5957,5819,11776,Greenville Spartanburg International Airport,Greer,US,34.895671,-82.218859,America/New_York,True,Matched by IATA code using airportsdata version 20260905,mapped_validated,
GST,"Gustavus, AK",39,54,93,Gustavus Airport,Gustavus,US,58.425278,-135.707417,America/Anchorage,True,Matched by IATA code using airportsdata version 20260905,mapped_validated,
GTF,"Great Falls, MT",1104,1041,2145,Great Falls International Airport,Great Falls,US,47.482299,-111.370279,America/Denver,True,Matched by IATA code using airportsdata version 20260905,mapped_validated,
GTR,"Columbus, MS",497,488,985,Golden Triangle Regional Airport,Columbus/W Point/Starkville,US,33.448278,-88.591389,America/Chicago,True,Matched by IATA code using airportsdata version 20260905,mapped_validated,
GUC,"Gunnison, CO",305,296,601,Gunnison-Crested Butte Regional Airport,Gunnison,US,38.534333,-106.93175,America/Denver,True,Matched by IATA code using airportsdata version 20260905,mapped_validated,
GUM,"Guam, TT",320,342,662,Guam International Airport,Tamuning,GU,13.483952,144.797129,Pacific/Guam,True,Matched by IATA code using airportsdata version 20260905,mapped_validated,
HDN,"Hayden, CO",1037,905,1942,Yampa Valley Airport,Hayden,US,40.481194,-107.217667,America/Denver,True,Matched by IATA code using airportsdata version 20260905,mapped_validated,
HGR,"Hagerstown, MD",91,90,181,Hagerstown Regional/Richard A Henson Field,Hagerstown,US,39.7085,-77.7265,America/New_York,True,Matched by IATA code using airportsdata version 20260905,mapped_validated,
HHH,"Hilton Head, SC",1184,1107,2291,Hilton Head Airport,Hilton Head Island,US,32.224495,-80.697401,America/New_York,True,Matched by IATA code using airportsdata version 20260905,mapped_validated,
HIB,"Hibbing, MN",316,308,624,Range Regional Airport,Hibbing,US,47.386575,-92.838978,America/Chicago,True,Matched by IATA code using airportsdata version 20260905,mapped_validated,
HLN,"Helena, MT",665,612,1277,Helena Regional Airport,Helena,US,46.606722,-111.983278,America/Denver,True,Matched by IATA code using airportsdata version 20260905,mapped_validated,
HNL,"Honolulu, HI",23122,23296,46418,Daniel K Inouye International Airport,Honolulu,US,21.317825,-157.92025,Pacific/Honolulu,True,Matched by IATA code using airportsdata version 20260905,mapped_validated,
HOB,"Hobbs, NM",180,186,366,Lea County Regional Airport,Hobbs,US,32.687349,-103.217529,America/Denver,True,Matched by IATA code using airportsdata version 20260905,mapped_validated,
HOU,"Houston, TX",24430,24304,48734,William P Hobby Airport,Houston,US,29.6458,-95.277232,America/Chicago,True,Matched by IATA code using airportsdata version 20260905,mapped_validated,
HPN,"White Plains, NY",4433,4360,8793,Westchester County Airport,White Plains,US,41.066953,-73.707566,America/New_York,True,Matched by IATA code using airportsdata version 20260905,mapped_validated,
HRL,"Harlingen/San Benito, TX",1635,1672,3307,Valley International Airport,Harlingen,US,26.226559,-97.655312,America/Chicago,True,Matched by IATA code using airportsdata version 20260905,mapped_validated,
HSV,"Huntsville, AL",3564,3562,7126,Huntsville International-Carl T Jones Field,Huntsville,US,34.637197,-86.775054,America/Chicago,True,Matched by IATA code using airportsdata version 20260905,mapped_validated,
HTS,"Ashland, WV",234,254,488,Tri-State/Milton J Ferguson Field,Huntington,US,38.368508,-82.56036,America/New_York,True,Matched by IATA code using airportsdata version 20260905,mapped_validated,
HVN,"New Haven, CT",165,182,347,Tweed/New Haven Airport,New Haven,US,41.263725,-72.887729,America/New_York,True,Matched by IATA code using airportsdata version 20260905,mapped_validated,
HYA,"Hyannis, MA",50,54,104,Cape Cod Gateway Airport,Hyannis,US,41.669337,-70.280359,America/New_York,True,Matched by IATA code using airportsdata version 20260905,mapped_validated,
HYS,"Hays, KS",412,388,800,Hays Regional Airport,Hays,US,38.842222,-99.273167,America/Chicago,True,Matched by IATA code using airportsdata version 20260905,mapped_validated,
IAD,"Washington, DC",25810,25635,51445,Washington Dulles International Airport,Washington,US,38.947456,-77.459929,America/New_York,True,Matched by IATA code using airportsdata version 20260905,mapped_validated,
IAG,"Niagara Falls, NY",243,225,468,Niagara Falls International Airport,Niagara Falls,US,43.108414,-78.946196,America/New_York,True,Matched by IATA code using airportsdata version 20260905,mapped_validated,
IAH,"Houston, TX",62542,62201,124743,George Bush Intcntl/Houston Airport,Houston,US,29.984435,-95.341442,America/Chicago,True,Matched by IATA code using airportsdata version 20260905,mapped_validated,
ICT,"Wichita, KS",4194,4252,8446,Wichita Dwight D Eisenhower Ntl Airport,Wichita,US,37.649952,-97.433043,America/Chicago,True,Matched by IATA code using airportsdata version 20260905,mapped_validated,
IDA,"Idaho Falls, ID",1538,1497,3035,Idaho Falls Regional Airport,Idaho Falls,US,43.513673,-112.07082,America/Boise,True,Matched by IATA code using airportsdata version 20260905,mapped_validated,
ILG,"Wilmington, DE",17,13,30,New Castle Airport,Wilmington,US,39.67871,-75.606635,America/New_York,True,Matched by IATA code using airportsdata version 20260905,mapped_validated,
ILM,"Wilmington, NC",3042,3049,6091,Wilmington International Airport,Wilmington,US,34.271151,-77.902891,America/New_York,True,Matched by IATA code using airportsdata version 20260905,mapped_validated,
IMT,"Iron Mountain/Kingsfd, MI",352,323,675,Ford Airport,Iron Mountain Kingsford,US,45.818356,-88.114544,America/Chicago,True,Matched by IATA code using airportsdata version 20260905,mapped_validated,
IND,"Indianapolis, IN",19028,19157,38185,Indianapolis International Airport,Indianapolis,US,39.717306,-86.294639,America/New_York,True,Matched by IATA code using airportsdata version 20260905,mapped_validated,
INL,"International Falls, MN",299,280,579,Falls International/Einarson Field,International Falls,US,48.565588,-93.402179,America/Chicago,True,Matched by IATA code using airportsdata version 20260905,mapped_validated,
IPT,"Williamsport, PA",6,11,17,Williamsport Regional Airport,Williamsport,US,41.241667,-76.921806,America/New_York,True,Matched by IATA code using airportsdata version 20260905,mapped_validated,
ISN,"Williston, ND",57,65,122,Sloulin Field International Airport,Williston,US,,,America/North_Dakota/Beulah,False,Manual IATA-to-IANA mapping after airportsdata no-match; verified against airport/timezone reference,mapped_validated_manual_override,"ISN / Sloulin Field International Airport, Williston, North Dakota. Manual mapping to America/North_Dakota/Beulah."
ISP,"Islip, NY",2193,2108,4301,Long Island Mac Arthur Airport,New York,US,40.796136,-73.100665,America/New_York,True,Matched by IATA code using airportsdata version 20260905,mapped_validated,
ITH,"Ithaca/Cortland, NY",340,310,650,Ithaca Tompkins International Airport,Ithaca,US,42.491369,-76.458728,America/New_York,True,Matched by IATA code using airportsdata version 20260905,mapped_validated,
ITO,"Hilo, HI",2787,2682,5469,Hilo International Airport,Hilo,US,19.720262,-155.04847,Pacific/Honolulu,True,Matched by IATA code using airportsdata version 20260905,mapped_validated,
JAC,"Jackson, WY",2432,2414,4846,Jackson Hole Airport,Jackson,US,43.607337,-110.737749,America/Denver,True,Matched by IATA code using airportsdata version 20260905,mapped_validated,
JAN,"Jackson/Vicksburg, MS",3360,3317,6677,Jackson-Medgar Wiley Evers International Airport,Jackson,US,32.311167,-90.075889,America/Chicago,True,Matched by IATA code using airportsdata version 20260905,mapped_validated,
JAX,"Jacksonville, FL",12613,12800,25413,Jacksonville International Airport,Jacksonville,US,30.494046,-81.687847,America/New_York,True,Matched by IATA code using airportsdata version 20260905,mapped_validated,
JFK,"New York, NY",50466,50268,100734,John F Kennedy International Airport,New York,US,40.639928,-73.778692,America/New_York,True,Matched by IATA code using airportsdata version 20260905,mapped_validated,
JLN,"Joplin, MO",413,400,813,Joplin Regional Airport,Joplin,US,37.153167,-94.498807,America/Chicago,True,Matched by IATA code using airportsdata version 20260905,mapped_validated,
JMS,"Jamestown, ND",425,405,830,Jamestown Regional Airport,Jamestown,US,46.929722,-98.678194,America/Chicago,True,Matched by IATA code using airportsdata version 20260905,mapped_validated,
JNU,"Juneau, AK",2069,2051,4120,Juneau International Airport,Juneau,US,58.354712,-134.578471,America/Anchorage,True,Matched by IATA code using airportsdata version 20260905,mapped_validated,
JST,"Johnstown, PA",189,210,399,John Murtha Johnstown/Cambria County Airport,Johnstown,US,40.315556,-78.834667,America/New_York,True,Matched by IATA code using airportsdata version 20260905,mapped_validated,
KOA,"Kona, HI",6758,6810,13568,Ellison Onizuka Kona International At Keahole Airport,Kailua-Kona,US,19.738765,-156.045631,Pacific/Honolulu,True,Matched by IATA code using airportsdata version 20260905,mapped_validated,
KTN,"Ketchikan, AK",1067,1070,2137,Ketchikan International Airport,Ketchikan,US,55.354083,-131.711222,America/Anchorage,True,Matched by IATA code using airportsdata version 20260905,mapped_validated,
LAN,"Lansing, MI",1046,1047,2093,Capital Region International Airport,Lansing,US,42.778647,-84.586206,America/Detroit,True,Matched by IATA code using airportsdata version 20260905,mapped_validated,
LAR,"Laramie, WY",292,314,606,Laramie Regional Airport,Laramie,US,41.312057,-105.674986,America/Denver,True,Matched by IATA code using airportsdata version 20260905,mapped_validated,
LAS,"Las Vegas, NV",73470,73462,146932,Harry Reid International Airport,Las Vegas,US,36.080343,-115.152449,America/Los_Angeles,True,Matched by IATA code using airportsdata version 20260905,mapped_validated,
LAW,"Lawton/Fort Sill, OK",534,537,1071,Lawton-Fort Sill Regional Airport,Lawton,US,34.567714,-98.416637,America/Chicago,True,Matched by IATA code using airportsdata version 20260905,mapped_validated,
LAX,"Los Angeles, CA",85872,85621,171493,Los Angeles International Airport,Los Angeles,US,33.942496,-118.408049,America/Los_Angeles,True,Matched by IATA code using airportsdata version 20260905,mapped_validated,
LBB,"Lubbock, TX",2742,2762,5504,Lubbock Preston Smith International Airport,Lubbock,US,33.663667,-101.820556,America/Chicago,True,Matched by IATA code using airportsdata version 20260905,mapped_validated,
LBE,"Latrobe, PA",431,418,849,Arnold Palmer Regional Airport,Latrobe,US,40.2731,-79.410326,America/New_York,True,Matched by IATA code using airportsdata version 20260905,mapped_validated,
LBF,"North Platte, NE",293,285,578,North Platte Regional/Lee Bird Field,North Platte,US,41.126213,-100.683653,America/Chicago,True,Matched by IATA code using airportsdata version 20260905,mapped_validated,
LBL,"Liberal, KS",292,300,592,Liberal Mid-America Regional Airport,Liberal,US,37.043921,-100.959969,America/Chicago,True,Matched by IATA code using airportsdata version 20260905,mapped_validated,
LCH,"Lake Charles, LA",592,623,1215,Lake Charles Regional Airport,Lake Charles,US,30.126094,-93.223413,America/Chicago,True,Matched by IATA code using airportsdata version 20260905,mapped_validated,
LCK,"Columbus, OH",481,498,979,Rickenbacker International Airport,Columbus,US,39.813787,-82.927814,America/New_York,True,Matched by IATA code using airportsdata version 20260905,mapped_validated,
LEX,"Lexington, KY",3444,3435,6879,Blue Grass Airport,Lexington,US,38.036742,-84.608617,America/New_York,True,Matched by IATA code using airportsdata version 20260905,mapped_validated,
LFT,"Lafayette, LA",1699,1692,3391,Lafayette Regional/Paul Fournet Field,Lafayette,US,30.205027,-91.987754,America/Chicago,True,Matched by IATA code using airportsdata version 20260905,mapped_validated,
LGA,"New York, NY",62574,61968,124542,Laguardia Airport,New York,US,40.777242,-73.872606,America/New_York,True,Matched by IATA code using airportsdata version 20260905,mapped_validated,
LGB,"Long Beach, CA",6486,6378,12864,Long Beach (Daugherty Field) Airport,Long Beach,US,33.81793,-118.151891,America/Los_Angeles,True,Matched by IATA code using airportsdata version 20260905,mapped_validated,
LIH,"Lihue, HI",5967,6006,11973,Lihue Airport,Lihue,US,21.975983,-159.338958,Pacific/Honolulu,True,Matched by IATA code using airportsdata version 20260905,mapped_validated,
LIT,"Little Rock, AR",5288,5272,10560,Bill And Hillary Clinton Ntl/Adams Field,Little Rock,US,34.729441,-92.224777,America/Chicago,True,Matched by IATA code using airportsdata version 20260905,mapped_validated,
LNK,"Lincoln, NE",528,542,1070,Lincoln Airport,Lincoln,US,40.850891,-96.759121,America/Chicago,True,Matched by IATA code using airportsdata version 20260905,mapped_validated,
LRD,"Laredo, TX",828,847,1675,Laredo International Airport,Laredo,US,27.544194,-99.461583,America/Chicago,True,Matched by IATA code using airportsdata version 20260905,mapped_validated,
LSE,"La Crosse, WI",757,726,1483,La Crosse Regional Airport,La Crosse,US,43.879266,-91.256634,America/Chicago,True,Matched by IATA code using airportsdata version 20260905,mapped_validated,
LWB,"Lewisburg, WV",232,242,474,Greenbrier Valley Airport,Lewisburg,US,37.858307,-80.399483,America/New_York,True,Matched by IATA code using airportsdata version 20260905,mapped_validated,
LWS,"Lewiston, ID",467,439,906,Lewiston/Nez Perce County Airport,Lewiston,US,46.374499,-117.015396,America/Los_Angeles,True,Matched by IATA code using airportsdata version 20260905,mapped_validated,
LYH,"Lynchburg, VA",205,184,389,Lynchburg Regional/Preston Glenn Field,Lynchburg,US,37.325389,-79.201222,America/New_York,True,Matched by IATA code using airportsdata version 20260905,mapped_validated,
MAF,"Midland/Odessa, TX",3800,3928,7728,Midland International Air And Space Port Airport,Midland,US,31.942528,-102.201917,America/Chicago,True,Matched by IATA code using airportsdata version 20260905,mapped_validated,
MBS,"Saginaw/Bay City/Midland, MI",733,770,1503,Mbs International Airport,Saginaw,US,43.532927,-84.079636,America/New_York,True,Matched by IATA code using airportsdata version 20260905,mapped_validated,
MCI,"Kansas City, MO",20739,20572,41311,Kansas City International Airport,Kansas City,US,39.297604,-94.713906,America/Chicago,True,Matched by IATA code using airportsdata version 20260905,mapped_validated,
MCO,"Orlando, FL",63883,63818,127701,Orlando International Airport,Orlando,US,28.429394,-81.308993,America/New_York,True,Matched by IATA code using airportsdata version 20260905,mapped_validated,
MCW,"Mason City, IA",137,153,290,Mason City Municipal Airport,Mason City,US,43.157806,-93.33125,America/Chicago,True,Matched by IATA code using airportsdata version 20260905,mapped_validated,
MDT,"Harrisburg, PA",2457,2519,4976,Harrisburg International Airport,Harrisburg,US,40.193192,-76.762619,America/New_York,True,Matched by IATA code using airportsdata version 20260905,mapped_validated,
MDW,"Chicago, IL",35072,34753,69825,Chicago Midway International Airport,Chicago,US,41.785643,-87.752729,America/Chicago,True,Matched by IATA code using airportsdata version 20260905,mapped_validated,
MEI,"Meridian, MS",344,379,723,Key Field,Meridian,US,32.332862,-88.751572,America/Chicago,True,Matched by IATA code using airportsdata version 20260905,mapped_validated,
MEM,"Memphis, TN",9944,9893,19837,Frederick W Smith International/Memphis Airport,Memphis,US,35.042411,-89.976679,America/Chicago,True,Matched by IATA code using airportsdata version 20260905,mapped_validated,
MFE,"Mission/McAllen/Edinburg, TX",1840,1923,3763,Mc Allen International Airport,Mc Allen,US,26.175833,-98.238611,America/Chicago,True,Matched by IATA code using airportsdata version 20260905,mapped_validated,
MFR,"Medford, OR",2714,2725,5439,Rogue Valley International/Medford Airport,Medford,US,42.374965,-122.873288,America/Los_Angeles,True,Matched by IATA code using airportsdata version 20260905,mapped_validated,
MGM,"Montgomery, AL",1345,1307,2652,Montgomery Regional (Dannelly Field) Airport,Montgomery,US,32.300639,-86.393972,America/Chicago,True,Matched by IATA code using airportsdata version 20260905,mapped_validated,
MHK,"Manhattan/Ft. Riley, KS",675,743,1418,Manhattan Regional Airport,Manhattan,US,39.141417,-96.671556,America/Chicago,True,Matched by IATA code using airportsdata version 20260905,mapped_validated,
MHT,"Manchester, NH",3032,2999,6031,Manchester Boston Regional Airport,Manchester,US,42.932806,-71.43575,America/New_York,True,Matched by IATA code using airportsdata version 20260905,mapped_validated,
MIA,"Miami, FL",41981,42015,83996,Miami International Airport,Miami,US,25.795361,-80.290116,America/New_York,True,Matched by IATA code using airportsdata version 20260905,mapped_validated,
MKE,"Milwaukee, WI",11827,11774,23601,General Mitchell International Airport,Milwaukee,US,42.946932,-87.897064,America/Chicago,True,Matched by IATA code using airportsdata version 20260905,mapped_validated,
MKG,"Muskegon, MI",286,242,528,Muskegon County Airport,Muskegon,US,43.167673,-86.235438,America/New_York,True,Matched by IATA code using airportsdata version 20260905,mapped_validated,
MLB,"Melbourne, FL",1151,1181,2332,Melbourne Orlando International Airport,Melbourne,US,28.10275,-80.64525,America/New_York,True,Matched by IATA code using airportsdata version 20260905,mapped_validated,
MLI,"Moline, IL",1856,1869,3725,Quad Cities International Airport,Moline,US,41.448209,-90.50777,America/Chicago,True,Matched by IATA code using airportsdata version 20260905,mapped_validated,
MLU,"Monroe, LA",1115,1100,2215,Monroe Regional Airport,Monroe,US,32.510556,-92.036134,America/Chicago,True,Matched by IATA code using airportsdata version 20260905,mapped_validated,
MMH,"Mammoth Lakes, CA",81,72,153,Mammoth Yosemite Airport,Mammoth Lakes,US,37.624056,-118.83875,America/Los_Angeles,True,Matched by IATA code using airportsdata version 20260905,mapped_validated,
MOB,"Mobile, AL",1774,1700,3474,Mobile Regional Airport,Mobile,US,30.691417,-88.242833,America/Chicago,True,Matched by IATA code using airportsdata version 20260905,mapped_validated,
MOT,"Minot, ND",1138,1181,2319,Minot International Airport,Minot,US,48.257639,-101.278028,America/Chicago,True,Matched by IATA code using airportsdata version 20260905,mapped_validated,
MQT,"Marquette, MI",559,558,1117,Marquette/Sawyer Regional Airport,Marquette,US,46.349158,-87.396372,America/New_York,True,Matched by IATA code using airportsdata version 20260905,mapped_validated,
MRY,"Monterey, CA",1787,1718,3505,Monterey Regional Airport,Monterey,US,36.586952,-121.842783,America/Los_Angeles,True,Matched by IATA code using airportsdata version 20260905,mapped_validated,
MSN,"Madison, WI",5095,4944,10039,Dane County Regional/Truax Field,Madison,US,43.139879,-89.337504,America/Chicago,True,Matched by IATA code using airportsdata version 20260905,mapped_validated,
MSO,"Missoula, MT",2015,2032,4047,Missoula Montana Airport,Missoula,US,46.916306,-114.090556,America/Denver,True,Matched by IATA code using airportsdata version 20260905,mapped_validated,
MSP,"Minneapolis, MN",60061,59729,119790,Minneapolis-St Paul International/Wold-Chamberlain Airport,Minneapolis,US,44.881972,-93.221778,America/Chicago,True,Matched by IATA code using airportsdata version 20260905,mapped_validated,
MSY,"New Orleans, LA",21564,21374,42938,Louis Armstrong New Orleans International Airport,New Orleans,US,29.993272,-90.259028,America/Chicago,True,Matched by IATA code using airportsdata version 20260905,mapped_validated,
MTJ,"Montrose/Delta, CO",1170,1225,2395,Montrose Regional Airport,Montrose,US,38.509806,-107.89425,America/Denver,True,Matched by IATA code using airportsdata version 20260905,mapped_validated,
MVY,"Martha's Vineyard, MA",353,368,721,Martha's Vineyard Airport,Vineyard Haven,US,41.393417,-70.613874,America/New_York,True,Matched by IATA code using airportsdata version 20260905,mapped_validated,
MYR,"Myrtle Beach, SC",6395,6396,12791,Myrtle Beach International Airport,Myrtle Beach,US,33.679741,-78.928321,America/New_York,True,Matched by IATA code using airportsdata version 20260905,mapped_validated,
OAJ,"Jacksonville/Camp Lejeune, NC",1145,1035,2180,Albert J Ellis Airport,Jacksonville,US,34.829167,-77.612139,America/New_York,True,Matched by IATA code using airportsdata version 20260905,mapped_validated,
OAK,"Oakland, CA",20162,20178,40340,Oakland San Francisco Bay Airport,Oakland,US,37.721261,-122.221151,America/Los_Angeles,True,Matched by IATA code using airportsdata version 20260905,mapped_validated,
OGD,"Ogden, UT",18,31,49,Ogden-Hinckley Airport,Ogden,US,41.19507,-112.012195,America/Denver,True,Matched by IATA code using airportsdata version 20260905,mapped_validated,
OGG,"Kahului, HI",12273,12235,24508,Kahului Airport,Kahului,US,20.898649,-156.430459,Pacific/Honolulu,True,Matched by IATA code using airportsdata version 20260905,mapped_validated,
OGS,"Ogdensburg, NY",224,191,415,Ogdensburg International Airport,Ogdensburg,US,44.68225,-75.46325,America/New_York,True,Matched by IATA code using airportsdata version 20260905,mapped_validated,
OKC,"Oklahoma City, OK",9506,9585,19091,Okc Will Rogers International Airport,Oklahoma City,US,35.393073,-97.600766,America/Chicago,True,Matched by IATA code using airportsdata version 20260905,mapped_validated,
OMA,"Omaha, NE",10307,10185,20492,Eppley Airfield,Omaha,US,41.303167,-95.894056,America/Chicago,True,Matched by IATA code using airportsdata version 20260905,mapped_validated,
OME,"Nome, AK",295,291,586,Nome Airport,Nome,US,64.512555,-165.444394,America/Anchorage,True,Matched by IATA code using airportsdata version 20260905,mapped_validated,
ONT,"Ontario, CA",10105,10052,20157,Ontario International Airport,Ontario,US,34.056014,-117.601187,America/Los_Angeles,True,Matched by IATA code using airportsdata version 20260905,mapped_validated,
ORD,"Chicago, IL",122296,123334,245630,Chicago O'Hare International Airport,Chicago,US,41.97694,-87.90815,America/Chicago,True,Matched by IATA code using airportsdata version 20260905,mapped_validated,
ORF,"Norfolk, VA",9510,9419,18929,Norfolk International Airport,Norfolk,US,36.895631,-76.198865,America/New_York,True,Matched by IATA code using airportsdata version 20260905,mapped_validated,
ORH,"Worcester, MA",536,473,1009,Worcester Regional Airport,Worcester,US,42.267139,-71.875611,America/New_York,True,Matched by IATA code using airportsdata version 20260905,mapped_validated,
OTH,"North Bend/Coos Bay, OR",151,175,326,Southwest Oregon Regional Airport,North Bend,US,43.416944,-124.247028,America/Los_Angeles,True,Matched by IATA code using airportsdata version 20260905,mapped_validated,
OTZ,"Kotzebue, AK",306,280,586,Ralph Wien Memorial Airport,Kotzebue,US,66.884806,-162.598139,America/Anchorage,True,Matched by IATA code using airportsdata version 20260905,mapped_validated,
OWB,"Owensboro, KY",48,34,82,Owensboro/Daviess County Regional Airport,Owensboro,US,37.738834,-87.166829,America/Chicago,True,Matched by IATA code using airportsdata version 20260905,mapped_validated,
PAE,"Everett, WA",907,970,1877,Seattle Paine Field International Airport,Everett,US,47.905055,-122.281351,America/Los_Angeles,True,Matched by IATA code using airportsdata version 20260905,mapped_validated,
PAH,"Paducah, KY",369,345,714,Barkley Regional Airport,Paducah,US,37.060288,-88.772959,America/Chicago,True,Matched by IATA code using airportsdata version 20260905,mapped_validated,
PBG,"Plattsburgh, NY",457,435,892,Plattsburgh International Airport,Plattsburgh,US,44.650944,-73.468139,America/New_York,True,Matched by IATA code using airportsdata version 20260905,mapped_validated,
PBI,"West Palm Beach/Palm Beach, FL",10987,11095,22082,President Donald J Trump International Airport,West Palm Beach,US,26.683162,-80.095592,America/New_York,True,Matched by IATA code using airportsdata version 20260905,mapped_validated,
PDX,"Portland, OR",25836,25872,51708,Portland International Airport,Portland,US,45.588709,-122.596869,America/Los_Angeles,True,Matched by IATA code using airportsdata version 20260905,mapped_validated,
PGD,"Punta Gorda, FL",2854,2784,5638,Punta Gorda Airport,Punta Gorda,US,26.918592,-81.990886,America/New_York,True,Matched by IATA code using airportsdata version 20260905,mapped_validated,
PGV,"Greenville, NC",29,32,61,Pitt-Greenville Airport,Greenville,US,35.635694,-77.384083,America/New_York,True,Matched by IATA code using airportsdata version 20260905,mapped_validated,
PHF,"Newport News/Williamsburg, VA",506,492,998,Newport News/Williamsburg International Airport,Newport News,US,37.131889,-76.492972,America/New_York,True,Matched by IATA code using airportsdata version 20260905,mapped_validated,
PHL,"Philadelphia, PA",42797,42722,85519,Philadelphia International Airport,Philadelphia,US,39.872084,-75.240663,America/New_York,True,Matched by IATA code using airportsdata version 20260905,mapped_validated,
PHX,"Phoenix, AZ",74815,75605,150420,Phoenix Sky Harbor International Airport,Phoenix,US,33.434278,-112.011583,America/Phoenix,True,Matched by IATA code using airportsdata version 20260905,mapped_validated,
PIA,"Peoria, IL",1703,1650,3353,General Downing - Peoria International Airport,Peoria,US,40.664194,-89.69325,America/Chicago,True,Matched by IATA code using airportsdata version 20260905,mapped_validated,
PIB,"Hattiesburg/Laurel, MS",317,290,607,Hattiesburg/Laurel Regional Airport,Hattiesburg-Laurel,US,31.467146,-89.337058,America/Chicago,True,Matched by IATA code using airportsdata version 20260905,mapped_validated,
PIE,"St. Petersburg, FL",3610,3651,7261,St Pete-Clearwater International Airport,St Petersburg-Clearwater,US,27.908634,-82.68651,America/New_York,True,Matched by IATA code using airportsdata version 20260905,mapped_validated,
PIH,"Pocatello, ID",359,398,757,Pocatello Regional Airport,Pocatello,US,42.909793,-112.595919,America/Denver,True,Matched by IATA code using airportsdata version 20260905,mapped_validated,
PIR,"Pierre, SD",180,201,381,Pierre Regional Airport,Pierre,US,44.382687,-100.285975,America/Chicago,True,Matched by IATA code using airportsdata version 20260905,mapped_validated,
PIT,"Pittsburgh, PA",18530,18635,37165,Pittsburgh International Airport,Pittsburgh,US,40.491417,-80.232694,America/New_York,True,Matched by IATA code using airportsdata version 20260905,mapped_validated,
PLN,"Pellston, MI",389,450,839,Pellston Regional/Emmet County Airport,Pellston,US,45.570917,-84.796722,America/Detroit,True,Matched by IATA code using airportsdata version 20260905,mapped_validated,
PNS,"Pensacola, FL",5344,5489,10833,Pensacola International Airport,Pensacola,US,30.473417,-87.186611,America/Chicago,True,Matched by IATA code using airportsdata version 20260905,mapped_validated,
PPG,"Pago Pago, TT",31,33,64,Pago Pago International Airport,Pago Pago,AS,-14.331662,-170.711503,Pacific/Pago_Pago,True,Matched by IATA code using airportsdata version 20260905,mapped_validated,
PRC,"Prescott, AZ",369,338,707,Prescott Regional/Ernest A Love Field,Prescott,US,34.654763,-112.419189,America/Phoenix,True,Matched by IATA code using airportsdata version 20260905,mapped_validated,
PSC,"Pasco/Kennewick/Richland, WA",2167,2218,4385,Tri-Cities Airport,Pasco,US,46.264948,-119.1194,America/Los_Angeles,True,Matched by IATA code using airportsdata version 20260905,mapped_validated,
PSE,"Ponce, PR",289,261,550,Mercedita Airport,Ponce,US,18.008778,-66.564528,America/Puerto_Rico,True,Matched by IATA code using airportsdata version 20260905,mapped_validated,
PSG,"Petersburg, AK",324,328,652,Petersburg James A Johnson Airport,Petersburg,US,56.801472,-132.946222,America/Juneau,True,Matched by IATA code using airportsdata version 20260905,mapped_validated,
PSM,"Portsmouth, NH",167,168,335,Portsmouth International At Pease Airport,Portsmouth,US,43.077944,-70.823278,America/New_York,True,Matched by IATA code using airportsdata version 20260905,mapped_validated,
PSP,"Palm Springs, CA",6057,6168,12225,Palm Springs International Airport,Palm Springs,US,33.82967,-116.506694,America/Los_Angeles,True,Matched by IATA code using airportsdata version 20260905,mapped_validated,
PUB,"Pueblo, CO",261,285,546,Pueblo Memorial Airport,Pueblo,US,38.289947,-104.498028,America/Denver,True,Matched by IATA code using airportsdata version 20260905,mapped_validated,
PUW,"Pullman, WA",244,242,486,Pullman/Moscow Regional Airport,Pullman/Moscow,US,46.741691,-117.111619,America/Los_Angeles,True,Matched by IATA code using airportsdata version 20260905,mapped_validated,
PVD,"Providence, RI",6517,6481,12998,Rhode Island Tf Green International Airport,Providence,US,41.722333,-71.427722,America/New_York,True,Matched by IATA code using airportsdata version 20260905,mapped_validated,
PVU,"Provo, UT",542,533,1075,Provo Municipal Airport,Provo,US,40.219167,-111.723361,America/Denver,True,Matched by IATA code using airportsdata version 20260905,mapped_validated,
PWM,"Portland, ME",4718,4567,9285,Portland International Jetport Airport,Portland,US,43.645643,-70.308616,America/New_York,True,Matched by IATA code using airportsdata version 20260905,mapped_validated,
RAP,"Rapid City, SD",2283,2281,4564,Rapid City Regional Airport,Rapid City,US,44.045333,-103.057361,America/Denver,True,Matched by IATA code using airportsdata version 20260905,mapped_validated,
RDD,"Redding, CA",630,592,1222,Redding Regional Airport,Redding,US,40.508985,-122.293385,America/Los_Angeles,True,Matched by IATA code using airportsdata version 20260905,mapped_validated,
RDM,"Bend/Redmond, OR",2880,2837,5717,Roberts Field/Redmond Municipal Airport,Redmond,US,44.254069,-121.149971,America/Los_Angeles,True,Matched by IATA code using airportsdata version 20260905,mapped_validated,
RDU,"Raleigh/Durham, NC",24056,24247,48303,Raleigh-Durham International Airport,Raleigh/Durham,US,35.877639,-78.787472,America/New_York,True,Matched by IATA code using airportsdata version 20260905,mapped_validated,
RFD,"Rockford, IL",368,342,710,Chicago/Rockford International Airport,Chicago/Rockford,US,42.195361,-89.097222,America/Chicago,True,Matched by IATA code using airportsdata version 20260905,mapped_validated,
RHI,"Rhinelander, WI",360,376,736,Rhinelander/Oneida County Airport,Rhinelander,US,45.630901,-89.466628,America/Chicago,True,Matched by IATA code using airportsdata version 20260905,mapped_validated,
RIC,"Richmond, VA",8489,8636,17125,Richmond International Airport,Richmond,US,37.505181,-77.319739,America/New_York,True,Matched by IATA code using airportsdata version 20260905,mapped_validated,
RIW,"Riverton/Lander, WY",187,170,357,Central Wyoming Regional Airport,Riverton,US,43.064238,-108.459841,America/Denver,True,Matched by IATA code using airportsdata version 20260905,mapped_validated,
RKS,"Rock Springs, WY",260,239,499,Southwest Wyoming Regional Airport,Rock Springs,US,41.594218,-109.065199,America/Denver,True,Matched by IATA code using airportsdata version 20260905,mapped_validated,
RNO,"Reno, NV",8930,8751,17681,Reno/Tahoe International Airport,Reno,US,39.499111,-119.768111,America/Los_Angeles,True,Matched by IATA code using airportsdata version 20260905,mapped_validated,
ROA,"Roanoke, VA",1038,1004,2042,Roanoke/Blacksburg Regional (Woodrum Field) Airport,Roanoke,US,37.325472,-79.975417,America/New_York,True,Matched by IATA code using airportsdata version 20260905,mapped_validated,
ROC,"Rochester, NY",5317,5309,10626,Frederick Douglass/Greater Rochester International Airport,Rochester,US,43.119144,-77.671869,America/New_York,True,Matched by IATA code using airportsdata version 20260905,mapped_validated,
ROW,"Roswell, NM",543,520,1063,Roswell Air Center Airport,Roswell,US,33.299878,-104.529403,America/Denver,True,Matched by IATA code using airportsdata version 20260905,mapped_validated,
RST,"Rochester, MN",1143,1106,2249,Rochester International Airport,Rochester,US,43.908278,-92.500028,America/Chicago,True,Matched by IATA code using airportsdata version 20260905,mapped_validated,
RSW,"Fort Myers, FL",16891,16713,33604,Southwest Florida International Airport,Fort Myers,US,26.536164,-81.755155,America/New_York,True,Matched by IATA code using airportsdata version 20260905,mapped_validated,
SAF,"Santa Fe, NM",772,783,1555,Santa Fe Regional Airport,Santa Fe,US,35.617111,-106.089417,America/Denver,True,Matched by IATA code using airportsdata version 20260905,mapped_validated,
SAN,"San Diego, CA",36470,36532,73002,San Diego International Airport,San Diego,US,32.733563,-117.189663,America/Los_Angeles,True,Matched by IATA code using airportsdata version 20260905,mapped_validated,
SAT,"San Antonio, TX",15602,15700,31302,San Antonio International Airport,San Antonio,US,29.533958,-98.469057,America/Chicago,True,Matched by IATA code using airportsdata version 20260905,mapped_validated,
SAV,"Savannah, GA",7829,7638,15467,Savannah/Hilton Head International Airport,Savannah,US,32.127583,-81.202139,America/New_York,True,Matched by IATA code using airportsdata version 20260905,mapped_validated,
SBA,"Santa Barbara, CA",3153,3093,6246,Santa Barbara Municipal Airport,Santa Barbara,US,34.426192,-119.841493,America/Los_Angeles,True,Matched by IATA code using airportsdata version 20260905,mapped_validated,
SBN,"South Bend, IN",2706,2711,5417,South Bend International Airport,South Bend,US,41.708224,-86.317337,America/Indiana/Indianapolis,True,Matched by IATA code using airportsdata version 20260905,mapped_validated,
SBP,"San Luis Obispo, CA",2106,2214,4320,San Luis Obispo County Regional Airport,San Luis Obispo,US,35.237273,-120.642603,America/Los_Angeles,True,Matched by IATA code using airportsdata version 20260905,mapped_validated,
SCC,"Deadhorse, AK",284,295,579,Deadhorse Airport,Deadhorse,US,70.194754,-148.465165,America/Anchorage,True,Matched by IATA code using airportsdata version 20260905,mapped_validated,
SCE,"State College, PA",513,504,1017,State College Regional Airport,State College,US,40.85,-77.847583,America/New_York,True,Matched by IATA code using airportsdata version 20260905,mapped_validated,
SCK,"Stockton, CA",320,344,664,Stockton Metro Airport,Stockton,US,37.894412,-121.238744,America/Los_Angeles,True,Matched by IATA code using airportsdata version 20260905,mapped_validated,
SDF,"Louisville, KY",9784,9777,19561,Louisville Muhammad Ali International Airport,Louisville,US,38.174085,-85.736494,America/Kentucky/Louisville,True,Matched by IATA code using airportsdata version 20260905,mapped_validated,
SEA,"Seattle, WA",70906,70832,141738,Seattle-Tacoma International Airport,Seattle,US,47.449889,-122.311778,America/Los_Angeles,True,Matched by IATA code using airportsdata version 20260905,mapped_validated,
SFB,"Sanford, FL",4581,4476,9057,Orlando Sanford International Airport,Orlando,US,28.777178,-81.234914,America/New_York,True,Matched by IATA code using airportsdata version 20260905,mapped_validated,
SFO,"San Francisco, CA",59531,59008,118539,San Francisco International Airport,San Francisco,US,37.618806,-122.375417,America/Los_Angeles,True,Matched by IATA code using airportsdata version 20260905,mapped_validated,
SGF,"Springfield, MO",3381,3399,6780,Springfield-Branson Ntl Airport,Springfield,US,37.245661,-93.388627,America/Chicago,True,Matched by IATA code using airportsdata version 20260905,mapped_validated,
SGU,"St. George, UT",1381,1394,2775,St George Regional Airport,St George,US,37.036378,-113.510303,America/Denver,True,Matched by IATA code using airportsdata version 20260905,mapped_validated,
SHD,"Staunton, VA",249,262,511,Shenandoah Valley Regional Airport,Staunton/Waynesboro/Harrisonburg,US,38.263833,-78.896444,America/New_York,True,Matched by IATA code using airportsdata version 20260905,mapped_validated,
SHR,"Sheridan, WY",220,223,443,Sheridan County Airport,Sheridan,US,44.769194,-106.980278,America/Denver,True,Matched by IATA code using airportsdata version 20260905,mapped_validated,
SHV,"Shreveport, LA",2332,2428,4760,Shreveport Regional Airport,Shreveport,US,32.446515,-93.82604,America/Chicago,True,Matched by IATA code using airportsdata version 20260905,mapped_validated,
SIT,"Sitka, AK",570,604,1174,Sitka Rocky Gutierrez Airport,Sitka,US,57.046834,-135.361069,America/Anchorage,True,Matched by IATA code using airportsdata version 20260905,mapped_validated,
SJC,"San Jose, CA",22955,22889,45844,Mineta San Jose International Airport,San Jose,US,37.362995,-121.928621,America/Los_Angeles,True,Matched by IATA code using airportsdata version 20260905,mapped_validated,
SJT,"San Angelo, TX",792,781,1573,San Angelo Regional/Mathis Field,San Angelo,US,31.357748,-100.496304,America/Chicago,True,Matched by IATA code using airportsdata version 20260905,mapped_validated,
SJU,"San Juan, PR",13009,12981,25990,Luis Munoz Marin International Airport,San Juan,US,18.439399,-66.002133,America/Puerto_Rico,True,Matched by IATA code using airportsdata version 20260905,mapped_validated,
SLC,"Salt Lake City, UT",52027,52063,104090,Salt Lake City International Airport,Salt Lake City,US,40.788393,-111.977773,America/Denver,True,Matched by IATA code using airportsdata version 20260905,mapped_validated,
SLN,"Salina, KS",365,391,756,Salina Regional Airport,Salina,US,38.790611,-97.652222,America/Chicago,True,Matched by IATA code using airportsdata version 20260905,mapped_validated,
SMF,"Sacramento, CA",22099,22182,44281,Sacramento International Airport,Sacramento,US,38.695444,-121.590778,America/Los_Angeles,True,Matched by IATA code using airportsdata version 20260905,mapped_validated,
SMX,"Santa Maria, CA",92,84,176,Santa Maria Pub/Capt G Allan Hancock Field,Santa Maria,US,34.899944,-120.458083,America/Los_Angeles,True,Matched by IATA code using airportsdata version 20260905,mapped_validated,
SNA,"Santa Ana, CA",17960,18256,36216,John Wayne/Orange County Airport,Santa Ana,US,33.675662,-117.868233,America/Los_Angeles,True,Matched by IATA code using airportsdata version 20260905,mapped_validated,
SPI,"Springfield, IL",468,531,999,Abraham Lincoln Capital Airport,Springfield,US,39.844611,-89.677556,America/Chicago,True,Matched by IATA code using airportsdata version 20260905,mapped_validated,
SPN,"Saipan, TT",169,169,338,Francisco C Ada/Saipan International Airport,Saipan Island,MP,15.120249,145.729986,Pacific/Saipan,True,Matched by IATA code using airportsdata version 20260905,mapped_validated,
SPS,"Wichita Falls, TX",520,500,1020,Sheppard Afb/Wichita Falls Municipal Airport,Wichita Falls,US,33.9888,-98.491906,America/Chicago,True,Matched by IATA code using airportsdata version 20260905,mapped_validated,
SRQ,"Sarasota/Bradenton, FL",6026,5992,12018,Sarasota/Bradenton International Airport,Sarasota/Bradenton,US,27.395444,-82.554389,America/New_York,True,Matched by IATA code using airportsdata version 20260905,mapped_validated,
STC,"St. Cloud, MN",50,71,121,St Cloud Sky Central Airport,St Cloud,US,45.546222,-94.059389,America/Chicago,True,Matched by IATA code using airportsdata version 20260905,mapped_validated,
STL,"St. Louis, MO",26792,26521,53313,St Louis Lambert International Airport,St Louis,US,38.748698,-90.370026,America/Chicago,True,Matched by IATA code using airportsdata version 20260905,mapped_validated,
STS,"Santa Rosa, CA",1467,1528,2995,Charles M Schulz/Sonoma County Airport,Santa Rosa,US,38.509694,-122.812889,America/Los_Angeles,True,Matched by IATA code using airportsdata version 20260905,mapped_validated,
STT,"Charlotte Amalie, VI",2251,2361,4612,Cyril E King Airport,Charlotte Amalie,US,18.337306,-64.973333,America/St_Thomas,True,Matched by IATA code using airportsdata version 20260905,mapped_validated,
STX,"Christiansted, VI",547,545,1092,Henry E Rohlsen Airport,Christiansted,US,17.701537,-64.801982,America/St_Thomas,True,Matched by IATA code using airportsdata version 20260905,mapped_validated,
SUN,"Sun Valley/Hailey/Ketchum, ID",798,833,1631,Friedman Memorial Airport,Hailey,US,43.503781,-114.295558,America/Denver,True,Matched by IATA code using airportsdata version 20260905,mapped_validated,
SUX,"Sioux City, IA",459,392,851,Sioux Gateway/Brig General Bud Day Field,Sioux City,US,42.401306,-96.384417,America/Chicago,True,Matched by IATA code using airportsdata version 20260905,mapped_validated,
SWF,"Newburgh/Poughkeepsie, NY",418,446,864,New York Stewart International Airport,New York,US,41.504111,-74.104833,America/New_York,True,Matched by IATA code using airportsdata version 20260905,mapped_validated,
SWO,"Stillwater, OK",327,340,667,Stillwater Regional Airport,Stillwater,US,36.161389,-97.085893,America/Chicago,True,Matched by IATA code using airportsdata version 20260905,mapped_validated,
SYR,"Syracuse, NY",5229,5382,10611,Syracuse Hancock International Airport,Syracuse,US,43.111181,-76.106321,America/New_York,True,Matched by IATA code using airportsdata version 20260905,mapped_validated,
TBN,"Fort Leonard Wood, MO",67,64,131,Waynesville-St Robert Regional Forney Field,Fort Leonard Wood,US,37.741639,-92.140722,America/Chicago,True,Matched by IATA code using airportsdata version 20260905,mapped_validated,
TLH,"Tallahassee, FL",2473,2513,4986,Tallahassee International Airport,Tallahassee,US,30.396754,-84.350869,America/New_York,True,Matched by IATA code using airportsdata version 20260905,mapped_validated,
TOL,"Toledo, OH",543,477,1020,Eugene F Kranz Toledo Express Airport,Toledo,US,41.586817,-83.807827,America/New_York,True,Matched by IATA code using airportsdata version 20260905,mapped_validated,
TPA,"Tampa, FL",32652,32962,65614,Tampa International Airport,Tampa,US,27.975469,-82.533248,America/New_York,True,Matched by IATA code using airportsdata version 20260905,mapped_validated,
TRI,"Bristol/Johnson City/Kingsport, TN",1261,1310,2571,Tri-Cities Airport,Bristol/Johnson/Kingsport,US,36.475209,-82.407415,America/New_York,True,Matched by IATA code using airportsdata version 20260905,mapped_validated,
TTN,"Trenton, NJ",979,992,1971,Trenton Mercer Airport,Trenton,US,40.276694,-74.813472,America/New_York,True,Matched by IATA code using airportsdata version 20260905,mapped_validated,
TUL,"Tulsa, OK",6989,6904,13893,Tulsa International Airport,Tulsa,US,36.198393,-95.888105,America/Chicago,True,Matched by IATA code using airportsdata version 20260905,mapped_validated,
TUS,"Tucson, AZ",7493,7797,15290,Tucson International Airport,Tucson,US,32.11707,-110.941463,America/Phoenix,True,Matched by IATA code using airportsdata version 20260905,mapped_validated,
TVC,"Traverse City, MI",1969,1986,3955,Cherry Capital Airport,Traverse City,US,44.741579,-85.58187,America/New_York,True,Matched by IATA code using airportsdata version 20260905,mapped_validated,
TWF,"Twin Falls, ID",386,404,790,Joslin Field/Magic Valley Regional Airport,Twin Falls,US,42.481809,-114.487736,America/Boise,True,Matched by IATA code using airportsdata version 20260905,mapped_validated,
TXK,"Texarkana, AR",461,535,996,Texarkana Regional-Webb Field,Texarkana,US,33.453716,-93.991031,America/Chicago,True,Matched by IATA code using airportsdata version 20260905,mapped_validated,
TYR,"Tyler, TX",588,621,1209,Tyler Pounds Regional Airport,Tyler,US,32.353547,-95.402978,America/Chicago,True,Matched by IATA code using airportsdata version 20260905,mapped_validated,
TYS,"Knoxville, TN",6320,6425,12745,Mc Ghee Tyson Airport,Knoxville,US,35.811091,-83.994067,America/New_York,True,Matched by IATA code using airportsdata version 20260905,mapped_validated,
UIN,"Quincy, IL",52,59,111,Quincy Regional-Baldwin Field,Quincy,US,39.942275,-91.192405,America/Chicago,True,Matched by IATA code using airportsdata version 20260905,mapped_validated,
USA,"Concord, NC",550,509,1059,Concord-Padgett Regional Airport,Concord,US,35.38777,-80.709132,America/New_York,True,Matched by IATA code using airportsdata version 20260905,mapped_validated,
VCT,"Victoria, TX",170,154,324,Victoria Regional Airport,Victoria,US,28.854206,-96.918732,America/Chicago,True,Matched by IATA code using airportsdata version 20260905,mapped_validated,
VEL,"Vernal, UT",320,271,591,Vernal Regional Airport,Vernal,US,40.436078,-109.511422,America/Denver,True,Matched by IATA code using airportsdata version 20260905,mapped_validated,
VLD,"Valdosta, GA",500,454,954,Valdosta Regional Airport,Valdosta,US,30.781464,-83.275972,America/New_York,True,Matched by IATA code using airportsdata version 20260905,mapped_validated,
VPS,"Valparaiso, FL",4289,4484,8773,Eglin Afb/Destin-Ft Walton Beach Airport,Valparaiso/Destin-Ft Walton Beach,US,30.483219,-86.526044,America/Chicago,True,Matched by IATA code using airportsdata version 20260905,mapped_validated,
WRG,"Wrangell, AK",336,331,667,Wrangell Airport,Wrangell,US,56.484333,-132.369833,America/Anchorage,True,Matched by IATA code using airportsdata version 20260905,mapped_validated,
WYS,"West Yellowstone, MT",143,156,299,Yellowstone Airport,West Yellowstone,US,44.688389,-111.117639,America/Denver,True,Matched by IATA code using airportsdata version 20260905,mapped_validated,
XNA,"Fayetteville, AR",4980,4977,9957,Northwest Arkansas Ntl Airport,Fayetteville/Springdale/Rogers,US,36.281579,-94.307766,America/Chicago,True,Matched by IATA code using airportsdata version 20260905,mapped_validated,
XWA,"Williston, ND",433,457,890,Williston Basin International Airport,Williston,US,48.259784,-103.750557,America/Chicago,True,Matched by IATA code using airportsdata version 20260905,mapped_validated,
YAK,"Yakutat, AK",323,352,675,Yakutat Airport,Yakutat,US,59.503323,-139.660268,America/Anchorage,True,Matched by IATA code using airportsdata version 20260905,mapped_validated,
YKM,"Yakima, WA",152,139,291,Yakima Air Trml/Mcallister Field,Yakima,US,46.568167,-120.544062,America/Los_Angeles,True,Matched by IATA code using airportsdata version 20260905,mapped_validated,
YUM,"Yuma, AZ",831,771,1602,Yuma Mcas/Yuma International Airport,Yuma,US,32.65592,-114.6064,America/Phoenix,True,Matched by IATA code using airportsdata version 20260905,mapped_validated,
