raw_time_column,category,count,fraction,example_invalid_values
CRS_DEP_TIME,missing,0,0.0,
CRS_DEP_TIME,non_integer,0,0.0,[]
CRS_DEP_TIME,valid_hhmm,3000000,1.0,
CRS_DEP_TIME,valid_2400,0,0.0,
CRS_DEP_TIME,invalid_hhmm,0,0.0,[]
DEP_TIME,missing,77615,0.025871666666666668,
DEP_TIME,non_integer,0,0.0,[]
DEP_TIME,valid_hhmm,2922143,0.9740476666666666,
DEP_TIME,valid_2400,242,8.066666666666667e-05,
DEP_TIME,invalid_hhmm,0,0.0,[]
WHEELS_OFF,missing,78806,0.026268666666666666,
WHEELS_OFF,non_integer,0,0.0,[]
WHEELS_OFF,valid_hhmm,2920793,0.9735976666666667,
WHEELS_OFF,valid_2400,401,0.00013366666666666667,
WHEELS_OFF,invalid_hhmm,0,0.0,[]
WHEELS_ON,missing,79944,0.026648,
WHEELS_ON,non_integer,0,0.0,[]
WHEELS_ON,valid_hhmm,2918947,0.9729823333333333,
WHEELS_ON,valid_2400,1109,0.0003696666666666667,
WHEELS_ON,invalid_hhmm,0,0.0,[]
CRS_ARR_TIME,missing,0,0.0,
CRS_ARR_TIME,non_integer,0,0.0,[]
CRS_ARR_TIME,valid_hhmm,2999986,0.9999953333333333,
CRS_ARR_TIME,valid_2400,14,4.666666666666666e-06,
CRS_ARR_TIME,invalid_hhmm,0,0.0,[]
ARR_TIME,missing,79942,0.026647333333333332,
ARR_TIME,non_integer,0,0.0,[]
ARR_TIME,valid_hhmm,2918642,0.9728806666666666,
ARR_TIME,valid_2400,1416,0.000472,
ARR_TIME,invalid_hhmm,0,0.0,[]
