column,count_missing,pct_missing
CANCELLATION_CODE,2920860,97.36200000000001
DELAY_DUE_LATE_AIRCRAFT,2466137,82.20456666666666
DELAY_DUE_CARRIER,2466137,82.20456666666666
DELAY_DUE_SECURITY,2466137,82.20456666666666
DELAY_DUE_NAS,2466137,82.20456666666666
DELAY_DUE_WEATHER,2466137,82.20456666666666
ARR_DELAY,86198,2.873266666666667
ELAPSED_TIME,86198,2.873266666666667
AIR_TIME,86198,2.873266666666667
WHEELS_ON,79944,2.6648
TAXI_IN,79944,2.6648
ARR_TIME,79942,2.6647333333333334
WHEELS_OFF,78806,2.6268666666666665
TAXI_OUT,78806,2.6268666666666665
DEP_DELAY,77644,2.5881333333333334
DEP_TIME,77615,2.5871666666666666
CRS_ELAPSED_TIME,14,0.0004666666666666666
DEST_CITY,0,0.0
CRS_DEP_TIME,0,0.0
DEST,0,0.0
DOT_CODE,0,0.0
FL_NUMBER,0,0.0
ORIGIN,0,0.0
ORIGIN_CITY,0,0.0
AIRLINE,0,0.0
AIRLINE_DOT,0,0.0
FL_DATE,0,0.0
AIRLINE_CODE,0,0.0
DIVERTED,0,0.0
CANCELLED,0,0.0
CRS_ARR_TIME,0,0.0
DISTANCE,0,0.0
