experiment,calibrator_fitted_on,method,period,rows,events,prevalence,mean_predicted,predicted_to_observed,brier,brier_skill,calibration_slope,calibration_in_the_large,ece,pr_auc,roc_auc,distinct_scores
A,early-stopping rows (2021-07 to 2021-12),uncalibrated,2022 first half (selection),326384,8933,0.027369601451051523,0.020456455237120388,0.7474151669217844,0.026464299998388223,0.006246572289279384,1.0330557878179132,0.30030379998853035,0.006998054741330333,0.04920635605062264,0.6460194777068212,117572
A,early-stopping rows (2021-07 to 2021-12),uncalibrated,2022 second half (confirmation),341232,8887,0.026043864584798612,0.01969571369638832,0.756251578265554,0.025222482517073878,0.005776957734788257,0.9377408327043091,0.28809719351111507,0.006348150888410296,0.046797301415135384,0.6397096874623265,103562
A,early-stopping rows (2021-07 to 2021-12),uncalibrated,2022 full year,667616,17820,0.02669199060537794,0.020067624895386386,0.7518219675734162,0.025829582042581494,0.0060122399506651325,0.9826610881974643,0.2941972505615788,0.006624365709991554,0.04792840382302811,0.6430433759150129,215767
A,early-stopping rows (2021-07 to 2021-12),uncalibrated,2022 Q1,156223,3991,0.025546814489543792,0.019057696996315272,0.745991129505227,0.024802162134759477,0.0037704049282979435,1.0094340235175783,0.3012362313632727,0.006555480259422452,0.04196086314854655,0.630050947307884,59572
A,early-stopping rows (2021-07 to 2021-12),uncalibrated,2022 Q2,170161,4942,0.029043082727534513,0.021740640265730336,0.7485651736659125,0.027990291050801364,0.008251916817759497,1.0490948897601267,0.29954605750686414,0.007404489714987847,0.054380457293668756,0.6571062870874237,58765
A,early-stopping rows (2021-07 to 2021-12),uncalibrated,2022 Q3,174122,4597,0.026401029163460103,0.021918460162075284,0.8302123385557696,0.02546508365771996,0.009484779277398103,1.042863093003416,0.19235753614084514,0.004482569001384818,0.05266211959600137,0.6641487942307162,65236
A,early-stopping rows (2021-07 to 2021-12),uncalibrated,2022 Q4,167110,4290,0.02567171324277422,0.017379699932410425,0.6769980549429152,0.024969701739073886,0.0018063642406576097,0.8962952582175063,0.40070333009653686,0.008292013310363801,0.04025126341664947,0.6182330144776405,52704
A,early-stopping rows (2021-07 to 2021-12),platt,2022 first half (selection),326384,8933,0.027369601451051523,0.025260408311756518,0.9229366513404611,0.026407225368314843,0.008389765544880134,0.9582460796733676,0.08311398219655834,0.0024195851482618127,0.04920635605062264,0.6460194777068212,117572
A,early-stopping rows (2021-07 to 2021-12),platt,2022 second half (confirmation),341232,8887,0.026043864584798612,0.02427986947212622,0.9322683042323139,0.02518234755459973,0.007359002819574578,0.8698334468330601,0.07267723726863486,0.0023206825566947846,0.046797301415135384,0.6397096874623265,103562
A,early-stopping rows (2021-07 to 2021-12),platt,2022 full year,667616,17820,0.02669199060537794,0.024759235138368335,0.9275904335654834,0.02578116561820454,0.007875426630833182,0.9115007597026742,0.07789556115050751,0.0021060509633990254,0.04792840382302811,0.6430433759150129,215767
A,early-stopping rows (2021-07 to 2021-12),platt,2022 Q1,156223,3991,0.025546814489543792,0.023380131458493447,0.9151877416287201,0.02475782800450354,0.005551175991431623,0.9363349076923067,0.09146037512159447,0.002459494490453113,0.04196086314854655,0.630050947307884,59572
A,early-stopping rows (2021-07 to 2021-12),platt,2022 Q2,170161,4942,0.029043082727534513,0.026986670444955767,0.9291944212027758,0.027921519503673095,0.010688620670468607,0.9731236949375546,0.07636908352356786,0.0025389273998569495,0.054380457293668756,0.6571062870874237,58765
A,early-stopping rows (2021-07 to 2021-12),platt,2022 Q3,174122,4597,0.026401029163460103,0.027248820865186242,1.032112070195336,0.025436059475607748,0.010613732731374115,0.9673431796276566,-0.03285577529450128,0.0011935456013112682,0.05266211959600137,0.6641487942307162,65236
A,early-stopping rows (2021-07 to 2021-12),platt,2022 Q4,167110,4290,0.02567171324277422,0.021186339734454038,0.8252795414975791,0.02491798978361201,0.0038736113937920535,0.8313891926696229,0.19800257836900403,0.004485373508320181,0.04025126341664947,0.6182330144776405,52704
A,early-stopping rows (2021-07 to 2021-12),isotonic,2022 first half (selection),326384,8933,0.027369601451051523,0.025194210789361723,0.9205180000307888,0.02642092657391341,0.007875275457170483,0.9292947184871317,0.08590265856791394,0.002256597479507517,0.04756697437392481,0.6451703627567517,98
A,early-stopping rows (2021-07 to 2021-12),isotonic,2022 second half (confirmation),341232,8887,0.026043864584798612,0.024271172690890856,0.9319343760164361,0.025192365907435784,0.006964098105956329,0.8386730432316846,0.07312748421037384,0.0025474741772160614,0.0450910775834271,0.6392502312170936,82
A,early-stopping rows (2021-07 to 2021-12),isotonic,2022 full year,667616,17820,0.02669199060537794,0.02472242740427598,0.9262114530826663,0.02579298444349189,0.007420608289041231,0.8813737428325166,0.07951233811273946,0.002292999884811211,0.046277222087495934,0.6423850329329638,124
A,early-stopping rows (2021-07 to 2021-12),isotonic,2022 Q1,156223,3991,0.025546814489543792,0.023301141816718145,0.9120957850245951,0.024764664142562585,0.005276588517427738,0.9200815512180789,0.09498343664520188,0.002481234125216921,0.04068522921387041,0.6290912322116218,68
A,early-stopping rows (2021-07 to 2021-12),isotonic,2022 Q2,170161,4942,0.029043082727534513,0.026932217230986426,0.9273195095592637,0.027941523454590646,0.009979843475456773,0.935300210865192,0.07856243820056281,0.0022177522346955906,0.05253204914784275,0.656335959437074,82
A,early-stopping rows (2021-07 to 2021-12),isotonic,2022 Q3,174122,4597,0.026401029163460103,0.027270877953065875,1.032947533379103,0.025453544804590302,0.009933605984909999,0.9255337989632522,-0.033754274075578315,0.0015288687436098578,0.05039325488263612,0.6636902441809074,76
A,early-stopping rows (2021-07 to 2021-12),isotonic,2022 Q4,167110,4290,0.02567171324277422,0.021145598639903847,0.823692538161849,0.024920227843104867,0.0037841422937777702,0.803270072692781,0.2000225475832062,0.0049206564054635775,0.039170808248113996,0.6177178403425179,62
A,early-stopping rows (2021-07 to 2021-12),uncalibrated,"calibration rows (in-sample, not evidence)",337156,8154,0.024184650428881585,0.019634854657401488,0.8118725848504852,0.023420322621414243,0.007603066449241469,1.0780694121598413,0.21453225438113782,0.004568738016083866,0.04818100222299833,0.6532754904573667,107688
A,early-stopping rows (2021-07 to 2021-12),platt,"calibration rows (in-sample, not evidence)",337156,8154,0.024184650428881585,0.024184650428881585,1.0,0.02338558875586836,0.009074855809930393,1.0000000000000644,-1.134292861528956e-16,0.0010480977998954478,0.04818100222299833,0.6532754904573667,107688
A,early-stopping rows (2021-07 to 2021-12),isotonic,"calibration rows (in-sample, not evidence)",337156,8154,0.024184650428881585,0.024184651707221585,1.0000000528574933,0.02336946709000692,0.00975798439117348,1.0000016390561741,-5.2660717110798325e-08,0.000615880887166222,0.046916381745097324,0.6546918818014587,55
B,2022 first half,uncalibrated,2022 second half (confirmation),341232,8887,0.026043864584798612,0.01969571369638832,0.756251578265554,0.025222482517073878,0.005710364884943364,0.9377408327043091,0.28809719351111507,0.006348150888410296,0.046797301415135384,0.6397096874623265,103562
B,2022 first half,platt,2022 second half (confirmation),341232,8887,0.026043864584798612,0.026332635432744476,1.0110878647447128,0.025180447454240515,0.007367419350471582,0.9077349391604737,-0.011431832664810595,0.0016407591124490899,0.046797301415135384,0.6397096874623265,103562
B,2022 first half,isotonic,2022 second half (confirmation),341232,8887,0.026043864584798612,0.02622863641905768,1.0070946396475629,0.025182984369910927,0.0072674121860480945,0.8617012424634968,-0.007329883693453342,0.002425936912390018,0.04537727680872851,0.6392920901662807,87
