regime,airline_code,dot_code,scheduled_flights,cancelled_flights,diverted_flights,cancellation_rate_pct,diversion_rate_pct
2019 pre-COVID reference,9E,20363,26235,449,71,1.711454164284353,0.2706308366685725
2019 pre-COVID reference,AA,19805,96676,2031,254,2.100831643841284,0.26273325334105674
2019 pre-COVID reference,AS,19930,27051,293,60,1.083139255480389,0.22180326050792948
2019 pre-COVID reference,B6,20409,30395,399,86,1.3127159072215826,0.28294127323572954
2019 pre-COVID reference,DL,19790,101443,179,220,0.1764537720690437,0.2168705578502213
2019 pre-COVID reference,EV,20366,13756,636,55,4.623437045652806,0.3998255306775225
2019 pre-COVID reference,F9,20436,13929,217,22,1.5579007825400244,0.15794385813769832
2019 pre-COVID reference,G4,20368,10803,48,26,0.44432102193835044,0.24067388688327315
2019 pre-COVID reference,HA,19690,8568,8,7,0.09337068160597572,0.08169934640522876
2019 pre-COVID reference,MQ,20398,33307,1139,123,3.4197015642357464,0.3692917404749752
2019 pre-COVID reference,NK,20416,20877,354,30,1.695645926138813,0.14369880729989942
2019 pre-COVID reference,OH,20397,29435,692,80,2.3509427552233735,0.27178528962119924
2019 pre-COVID reference,OO,20304,85329,1749,314,2.0497134620117428,0.36798743686202817
2019 pre-COVID reference,UA,19977,63572,533,209,0.8384194299377085,0.328761089787957
2019 pre-COVID reference,WN,19393,139406,3405,274,2.442506061432076,0.19654821169820524
2019 pre-COVID reference,YV,20378,23274,691,69,2.968978259001461,0.2964681618973962
2019 pre-COVID reference,YX,20452,33617,771,83,2.293482464229408,0.24689889044233573
2020 COVID operational shock,9E,20363,21729,677,31,3.115651893782503,0.1426664825808827
2020 COVID operational shock,AA,19805,58447,3545,92,6.065324139818982,0.1574075658288706
2020 COVID operational shock,AS,19930,14145,566,29,4.0014139271827505,0.2050194414987628
2020 COVID operational shock,B6,20409,14521,754,28,5.192479856759176,0.1928241856621445
2020 COVID operational shock,DL,19790,59251,2957,61,4.990633069484059,0.10295184891394238
2020 COVID operational shock,EV,20366,5326,426,14,7.998497934660158,0.26286143447239957
2020 COVID operational shock,F9,20436,9222,474,8,5.139882888744307,0.08674907829104316
2020 COVID operational shock,G4,20368,10030,1488,56,14.835493519441675,0.5583250249252243
2020 COVID operational shock,HA,19690,4177,207,4,4.955709839597797,0.09576250897773522
2020 COVID operational shock,MQ,20398,21466,1107,31,5.1569924531817755,0.14441442280816175
2020 COVID operational shock,NK,20416,13841,339,24,2.44924499674879,0.1733978758760205
2020 COVID operational shock,OH,20397,19833,1447,36,7.295920939847728,0.1815156557253063
2020 COVID operational shock,OO,20304,61009,2568,125,4.209215033847465,0.2048878034388369
2020 COVID operational shock,UA,19977,31584,2260,62,7.155521783181357,0.19630192502532928
2020 COVID operational shock,WN,19393,98346,8072,114,8.207756289020397,0.11591727167347934
2020 COVID operational shock,YV,20378,13933,820,26,5.885308260963181,0.1866073351037106
2020 COVID operational shock,YX,20452,22490,1050,29,4.668741662961316,0.12894619831036017
2021-2023 recovery and transition,9E,20363,64499,1268,119,1.96592195227833,0.18449898448037955
2021-2023 recovery and transition,AA,19805,227983,5331,635,2.3383322440708296,0.2785295394832071
2021-2023 recovery and transition,AS,19930,59271,1075,150,1.8137031600614129,0.25307485954345293
2021-2023 recovery and transition,B6,20409,67928,1886,244,2.7764692026851963,0.3592038629136733
2021-2023 recovery and transition,DL,19790,234545,2846,501,1.2134132042891557,0.2136050651260952
2021-2023 recovery and transition,F9,20436,41315,975,58,2.359917705433862,0.1403848481181169
2021-2023 recovery and transition,G4,20368,31905,847,94,2.6547563077887477,0.29462466698009715
2021-2023 recovery and transition,HA,19690,19369,173,17,0.893179823429191,0.08776911559708812
2021-2023 recovery and transition,MQ,20398,66483,1387,157,2.0862476121715328,0.23615059488891899
2021-2023 recovery and transition,NK,20416,60993,1619,145,2.6544029642745888,0.23773219877690882
2021-2023 recovery and transition,OH,20397,57782,1162,150,2.0110068879581875,0.2595964141081998
2021-2023 recovery and transition,OO,20304,197399,3428,567,1.7365842785424446,0.28723549764689793
2021-2023 recovery and transition,QX,19687,20634,374,23,1.812542405738102,0.11146651158282446
2021-2023 recovery and transition,UA,19977,159348,2743,427,1.7213896628762206,0.26796696538393955
2021-2023 recovery and transition,WN,19393,338718,7988,748,2.3583039578646545,0.22083266906394108
2021-2023 recovery and transition,YV,20378,27805,862,67,3.1001618413954324,0.24096385542168675
2021-2023 recovery and transition,YX,20452,87000,2825,201,3.2471264367816093,0.23103448275862068
