airline_code,dot_code,scheduled_flights,airline_codes_per_dot,dot_codes_per_airline_code,mapping_status
9E,20363,112463,1,1,one_to_one_observed
AA,19805,383106,1,1,one_to_one_observed
AS,19930,100467,1,1,one_to_one_observed
B6,20409,112844,1,1,one_to_one_observed
DL,19790,395239,1,1,one_to_one_observed
EV,20366,19082,1,1,one_to_one_observed
F9,20436,64466,1,1,one_to_one_observed
G4,20368,52738,1,1,one_to_one_observed
HA,19690,32114,1,1,one_to_one_observed
MQ,20398,121256,1,1,one_to_one_observed
NK,20416,95711,1,1,one_to_one_observed
OH,20397,107050,1,1,one_to_one_observed
OO,20304,343737,1,1,one_to_one_observed
QX,19687,20634,1,1,one_to_one_observed
UA,19977,254504,1,1,one_to_one_observed
WN,19393,576470,1,1,one_to_one_observed
YV,20378,65012,1,1,one_to_one_observed
YX,20452,143107,1,1,one_to_one_observed
