dimension,group,rows,share_of_rows,events,prevalence,mean_score,mean_probability,probability_to_observed,brier_probability,alert_rate_top1pct,precision_top1pct,recall_top1pct,alert_rate_top10pct,precision_top10pct,recall_top10pct,pr_auc,lift,small_sample,share_of_events
overall,all 2022 flights,667616,1.0,17820,0.02669199060537794,0.020067624895386386,0.024759235138368335,0.9275904335654834,0.02578116561820454,0.009999760341274026,0.08807669263031756,0.032996632996632996,0.1000065906149643,0.058487853098882665,0.2191358024691358,0.04792840382302811,1.7956099465047552,False,
quarter_2022,2022 Q1,156223,0.23400128217418395,3991,0.025546814489543792,0.019057696996315272,0.023380131458493447,0.9151877416287201,0.02475782800450354,0.0027652778400107537,0.0763888888888889,0.008268604359809572,0.06310210404357873,0.05508216676810712,0.13605612628413932,0.04196086314854655,1.642508625320819,False,
quarter_2022,2022 Q2,170161,0.25487855294061257,4942,0.029043082727534513,0.021740640265730336,0.026986670444955767,0.9291944212027758,0.027921519503673095,0.014339360958151397,0.09057377049180328,0.04471873735329826,0.13502506449774038,0.06180362116991643,0.28733306353702953,0.054380457293668756,1.8724065142751858,False,
quarter_2022,2022 Q3,174122,0.26081160427551164,4597,0.026401029163460103,0.021918460162075284,0.027248820865186242,1.032112070195336,0.025436059475607748,0.018906284099654266,0.09021871202916161,0.06460735262127475,0.15242186512904746,0.057874905802562174,0.334130954970633,0.05266211959600137,1.9946994971274636,False,
quarter_2022,2022 Q4,167110,0.2503085606096918,4290,0.02567171324277422,0.017379699932410425,0.021186339734454038,0.8252795414975791,0.02491798978361201,0.003063850158578182,0.072265625,0.008624708624708625,0.044234336664472504,0.054924242424242424,0.09463869463869463,0.04025126341664947,1.5679227574723293,False,
carrier,DOT_19393,129252,0.1936023103101184,2446,0.01892427196484387,0.012097229898496592,0.014335792231710814,0.7575346760151619,0.018483844556135547,0.0,,0.0,0.005392566459319778,0.06456241032998565,0.01839738348323794,0.03581493676933367,1.892539741336842,False,
carrier,DOT_19687,8977,0.013446352394190673,142,0.01581820207196168,0.015093725988560949,0.01812178532465952,1.145628639855412,0.0155842118357839,0.0,,0.0,0.0064609557758716725,0.034482758620689655,0.014084507042253521,0.01953723132602765,1.2351107437588045,False,
carrier,DOT_19690,7570,0.011338853472654939,91,0.01202113606340819,0.009289535977704728,0.010751447351905277,0.8943786423508016,0.011870924183985509,0.0,,0.0,0.0,,0.0,0.01582849078573014,1.3167217060217271,False,
carrier,DOT_19790,89658,0.13429576283372477,1780,0.019853220013830334,0.01558556337613828,0.01884634198249794,0.9492838929588765,0.01936078201321157,0.002844141069397042,0.06274509803921569,0.008988764044943821,0.041245622253452005,0.05435370470524608,0.11292134831460675,0.035410790380972,1.7836295752680829,False,
carrier,DOT_19805,85959,0.12875515266260845,2720,0.03164299258949034,0.021560335883060545,0.026660513650984694,0.8425408429871298,0.03052310685123535,0.0076082783652671624,0.09327217125382263,0.022426470588235294,0.10984306471689992,0.05941537809786062,0.20625,0.048275581911640705,1.5256326270377658,False,
carrier,DOT_19930,22686,0.033980611609068685,377,0.016618178612360045,0.013166520532108426,0.015703046715900157,0.9449318774453872,0.016320097376665406,0.0,,0.0,0.016618178612360045,0.050397877984084884,0.050397877984084884,0.02435800294011506,1.465744442173608,False,
carrier,DOT_19977,62954,0.09429672146862868,1719,0.027305651745719098,0.024616861930306735,0.03075124378101845,1.1261860389704685,0.026352337395379764,0.022683229024366997,0.09173669467787114,0.07620709714950552,0.17055310226514597,0.053739405793052065,0.3356602675974404,0.05112320305766922,1.8722571991230414,False,
carrier,DOT_20304,73769,0.11049615347744811,2003,0.027152326858165356,0.024552203384381816,0.03059656303694671,1.1268486563517333,0.026371813378786198,0.008187721129471729,0.06291390728476821,0.018971542685971045,0.12444251650422264,0.04226579520697168,0.19370943584623065,0.037770928888302996,1.3910752137599718,False,
carrier,DOT_20363,22608,0.03386377798015626,606,0.02680467091295117,0.022106615189102063,0.027426299760074876,1.0231910643164568,0.026054778874544708,0.015481245576786979,0.06857142857142857,0.039603960396039604,0.12937898089171976,0.040683760683760686,0.19636963696369636,0.038563041458449646,1.4386687150043391,False,
carrier,DOT_20368,11557,0.017310849350524852,518,0.04482132041187159,0.026580375255900235,0.03325109303391342,0.7418588459323117,0.04253015364991829,0.0019036082028208012,0.22727272727272727,0.009652509652509652,0.15557670675780913,0.09065628476084539,0.31467181467181465,0.0837423884429187,1.868360585395389,False,
carrier,DOT_20378,11148,0.01669822173225327,404,0.036239684248295656,0.030046267838819935,0.03792677273901608,1.0465536200360182,0.034862665198582124,0.015428776462145676,0.040697674418604654,0.017326732673267328,0.23690348044492285,0.052252934494509656,0.3415841584158416,0.04742929441731523,1.308766767733243,False,
carrier,DOT_20397,21197,0.03175028759047117,619,0.029202245600792567,0.024939612927904236,0.031102839466779077,1.065083825811496,0.028170121966165345,0.007642590932679153,0.05555555555555555,0.014539579967689823,0.12539510308062463,0.057938299473288185,0.24878836833602586,0.04765796831257223,1.6319966951883578,False,
carrier,DOT_20398,24760,0.03708718784450942,468,0.018901453957996767,0.020046670777880485,0.024608213627396888,1.3019217295178356,0.018578283122175937,4.038772213247173e-05,0.0,0.0,0.048263327948303715,0.02594142259414226,0.06623931623931624,0.024516172436133896,1.2970521998262292,False,
carrier,DOT_20409,26642,0.0399061736087811,1624,0.06095638465580662,0.03374119055019928,0.04300854125402359,0.7055625345379904,0.056975421691519146,0.0712408978304932,0.10748155953635406,0.12561576354679804,0.3811650776968696,0.08675529295913344,0.5424876847290641,0.09134663206797633,1.4985572484944738,False,
carrier,DOT_20416,22844,0.03421727460096822,746,0.0326562773594817,0.021377792509498346,0.026439787690469434,0.8096387533526592,0.03154618063839448,0.011600420241638942,0.07547169811320754,0.02680965147453083,0.11272106461215199,0.04932038834951456,0.17024128686327078,0.04666776988504047,1.429059698731722,False,
carrier,DOT_20436,15352,0.02299525475722571,723,0.04709484106305367,0.027304651852051942,0.03426037333770316,0.7274761431264439,0.04474558536930435,0.009705575820739968,0.174496644295302,0.035961272475795295,0.18199583116206358,0.0737294201861131,0.28492392807745504,0.07639681307241626,1.6221906974934086,False,
carrier,DOT_20452,30683,0.04595905430666731,834,0.027181175243620247,0.024259866559887492,0.030325479275587496,1.1156794731568958,0.026301256836284582,0.023335397451357428,0.06564245810055866,0.05635491606714628,0.19020304403089658,0.0502056202878684,0.3513189448441247,0.04560265214551042,1.6777292275547915,False,
origin_airport_top25,ATL,31930,0.04782689450222882,587,0.01838396492326965,0.01441586028150646,0.01732675042792014,0.9424925743841398,0.017917460920080733,0.0020043845912934544,0.046875,0.005110732538330494,0.02474162229877858,0.06455696202531645,0.0868824531516184,0.03799458891567558,2.0667244021763564,False,
origin_airport_top25,AUS,8824,0.013217178737477832,237,0.02685856754306437,0.017634902485248675,0.021544450930490223,0.8021444515217119,0.026065145052805553,0.005326382592928378,0.0851063829787234,0.016877637130801686,0.06334995466908432,0.057245080500894455,0.1350210970464135,0.04386599731189082,1.633221773333859,False,
origin_airport_top25,BNA,8671,0.01298800508076499,195,0.022488755622188907,0.018236568831130503,0.022382138797091746,0.9952591051773463,0.02190438074887261,0.009226156152692884,0.075,0.03076923076923077,0.08695652173913043,0.03978779840848806,0.15384615384615385,0.03733873157781218,1.6603289308267148,False,
origin_airport_top25,BOS,13379,0.0200399630925562,452,0.03378428881082293,0.026845632283261554,0.0337697302316622,0.9995690724986915,0.03246606173199872,0.03191568876597653,0.06791569086651054,0.06415929203539823,0.2332760295986247,0.05254726049343159,0.36283185840707965,0.0521623783689205,1.5439833190216534,False,
origin_airport_top25,CLT,18800,0.028159900301969996,446,0.023723404255319148,0.018193267994333788,0.022191669320918105,0.9354335946934089,0.02294814950320831,0.00031914893617021275,0.0,0.0,0.03579787234042553,0.08320950965824665,0.12556053811659193,0.05179641945135016,2.1833468288909934,False,
origin_airport_top25,DCA,13911,0.020836828356420457,428,0.030767018905901805,0.02470602642824091,0.03092271539288959,1.0050604996039418,0.029675055434520127,0.024081661994105386,0.07462686567164178,0.05841121495327103,0.18460211343541083,0.05218068535825545,0.3130841121495327,0.04803155375580189,1.5611377203200003,False,
origin_airport_top25,DEN,26856,0.04022671715477161,708,0.026362823949955316,0.019854026499753194,0.024457840306334803,0.9277397729758863,0.02555470804807817,0.006069407208817396,0.06134969325153374,0.014124293785310734,0.10094578492701817,0.05127259313906308,0.1963276836158192,0.04144529047980802,1.572111188030684,False,
origin_airport_top25,DFW,27158,0.04067907300004793,815,0.030009573606303852,0.02276421173948591,0.028242339806397027,0.9411109993400374,0.028965023297391885,0.003976728772369099,0.1111111111111111,0.014723926380368098,0.12788128728183223,0.05528361646991074,0.23558282208588957,0.04718344432670185,1.5722797313184893,False,
origin_airport_top25,DTW,12487,0.018703865695249965,272,0.021782653960118522,0.019285264639796885,0.023670648469259765,1.086674218513407,0.02129324650478744,0.006166413069592376,0.05194805194805195,0.014705882352941176,0.06358612957475775,0.036523929471032744,0.10661764705882353,0.03072603928303785,1.410573722526815,False,
origin_airport_top25,EWR,12639,0.018931541484925467,516,0.04082601471635414,0.030365088776294482,0.03856808215155852,0.9446937796774189,0.03862581604145707,0.08695308173114961,0.09190172884440401,0.19573643410852712,0.31568953239971514,0.07092731829573935,0.5484496124031008,0.07522730221630695,1.842631536263379,False,
origin_airport_top25,IAH,12566,0.018822197191199732,334,0.026579659398376573,0.02413538410895,0.030063488091466476,1.1310712316088853,0.025847787117970342,0.00517268820627089,0.1076923076923077,0.020958083832335328,0.14937131943339169,0.04155567394778902,0.23353293413173654,0.03978137755607927,1.4966850011068626,False,
origin_airport_top25,JFK,13446,0.0201403201840579,571,0.04246616094005652,0.025977506898705486,0.03258241072120345,0.767255857368304,0.0403706112940008,0.01509742674401309,0.06403940886699508,0.02276707530647986,0.20571173583221777,0.07447577729573392,0.3607705779334501,0.06820518179813408,1.6061066102586878,False,
origin_airport_top25,LAS,17284,0.02588913387336433,457,0.02644063874103217,0.015567598705496682,0.018820332374335016,0.7117956778074539,0.025689318793608158,0.0,,0.0,0.025746355010414255,0.051685393258426963,0.05032822757111598,0.0392027857792066,1.4826716617238662,False,
origin_airport_top25,LAX,19427,0.029099062934381442,338,0.017398466052401296,0.016667545003787657,0.020208259808954247,1.1614966370075568,0.0171072075931799,0.0,,0.0,0.020744324908632317,0.02481389578163772,0.029585798816568046,0.0252542382132283,1.4515209638117936,False,
origin_airport_top25,LGA,16441,0.024626431960887697,659,0.0400827200291953,0.027745068112781088,0.03499727272540481,0.8731261925316851,0.03811015334548538,0.03606836567118788,0.09780775716694773,0.08801213960546282,0.24730855787360867,0.0676340383669454,0.417298937784522,0.07120495755038801,1.7764502383701508,False,
origin_airport_top25,MCO,14532,0.02176700378660787,570,0.03922378199834847,0.024877931875914507,0.031230550320482307,0.7962146618548226,0.037121086865809144,0.04500412881915772,0.11926605504587157,0.1368421052631579,0.1911643270024773,0.08171346292296616,0.39824561403508774,0.07945738436417399,2.0257451045266253,False,
origin_airport_top25,MIA,10603,0.01588188419690361,363,0.034235593699896254,0.022316647276850454,0.027707834328380046,0.8093282848038943,0.03289731452856418,0.014146939545411677,0.06666666666666667,0.027548209366391185,0.14731679713288692,0.06145966709346991,0.2644628099173554,0.05436790270438071,1.588051990012531,False,
origin_airport_top25,MSP,12102,0.018127186885874516,274,0.02264088580399934,0.016767231329386414,0.020331671248725824,0.8980068812119705,0.022080385142661325,0.0005784167906131218,0.14285714285714285,0.0036496350364963502,0.02313667162452487,0.05,0.051094890510948905,0.03266634541623895,1.442803329296802,False,
origin_airport_top25,ORD,25709,0.03850866366294397,669,0.02602201563654751,0.024373865272971834,0.030415311161652768,1.168829947167311,0.025277171156074894,0.016375588315375937,0.06175771971496437,0.03886397608370702,0.16713991209304135,0.04398417500581801,0.2825112107623318,0.04185228154588474,1.6083412649673405,False,
origin_airport_top25,PHL,8704,0.013037434692997172,278,0.031939338235294115,0.023143157770391637,0.028794833374285095,0.9015475888121492,0.03065447690184624,0.00700827205882353,0.03278688524590164,0.007194244604316547,0.15314797794117646,0.06151537884471118,0.2949640287769784,0.054553988093220124,1.7080500444726188,False,
origin_airport_top25,PHX,16540,0.02477472079758424,328,0.019830713422007255,0.014832018962133474,0.01783717833223197,0.8994723463875511,0.019352942391466108,0.0,,0.0,0.010822249093107618,0.03910614525139665,0.021341463414634148,0.033529080318787,1.6907652087583445,False,
origin_airport_top25,SAN,8591,0.012868175717777885,162,0.018856943312769176,0.015672615085278164,0.01894515126852308,1.004677744122727,0.018483094369577315,0.0,,0.0,0.020835758351763472,0.0446927374301676,0.04938271604938271,0.028446021898126103,1.5085171242395146,False,
origin_airport_top25,SEA,17412,0.0260808608541437,279,0.016023432115782218,0.014084516011467103,0.016845769745753254,1.0513209419822784,0.015772459323317067,0.0,,0.0,0.0074086836664369405,0.015503875968992248,0.007168458781362007,0.019865612450955,1.2397851039284176,False,
origin_airport_top25,SFO,13184,0.019747879020275128,236,0.017900485436893203,0.021119801572451427,0.026034413193643666,1.4543970489194835,0.017676276105941142,0.0,,0.0,0.05043992718446602,0.019548872180451128,0.05508474576271186,0.025788078870707595,1.4406357280991904,False,
origin_airport_top25,SLC,11016,0.016500503283324548,188,0.017066085693536674,0.014212708622241823,0.017001294866813683,0.9962035332596784,0.0167289468471258,0.0,,0.0,0.006082062454611474,0.029850746268656716,0.010638297872340425,0.0277893381515203,1.6283369631763172,False,
origin_airport_top25,all other airports,275404,0.412518573551263,7458,0.027080216699830066,0.019649530215622848,0.024215853368398623,0.8942267204438797,0.026146093221994036,0.0076832580499920115,0.0940453686200378,0.026682756771252345,0.09552148843154057,0.05941384422397081,0.20957361222847948,0.04836593557056124,1.7860246875670218,False,
route_volume_in_fit_period,"1,000 or more",104873,0.15708580980683506,2533,0.02415302318041822,0.019968586806347027,0.024672481878687737,1.0215069846283533,0.023406245609792514,0.015065841541674216,0.08481012658227848,0.052901697591788394,0.10906525035042385,0.052544151075362824,0.23726806158705094,0.045126588249190164,1.8683618987198263,False,
route_volume_in_fit_period,1-99,60023,0.08990647318218856,1754,0.029222131516252102,0.020333413234012474,0.02508081869881277,0.8582816309913562,0.028144949205417474,0.003931826133315562,0.1016949152542373,0.013683010262257697,0.09289772253969311,0.06402439024390244,0.20353477765108324,0.051362784151245136,1.7576672708723984,False,
route_volume_in_fit_period,100-999,496610,0.7438557494128362,13341,0.02686413886148084,0.020043863141103707,0.024722940996292637,0.920295309809526,0.025940835633458014,0.009742051106502085,0.08846630839189748,0.0320815531069635,0.09912808843962063,0.05923458194523442,0.21857431976613448,0.04840155847219311,1.80171635955894,False,
route_volume_in_fit_period,unseen route (0 fit-period flights),6110,0.009151967598140248,192,0.031423895253682485,0.021087810305663198,0.026039054851974053,0.8286386726331327,0.030345793688890784,0.003600654664484452,0.09090909090909091,0.010416666666666666,0.08576104746317512,0.05916030534351145,0.16145833333333334,0.050790413579938416,1.6162990988199153,False,
scheduled_departure_local_hours,00-05,18817,0.028185364041604755,303,0.01610246054100016,0.013302670034796743,0.015887898794980766,0.9866752198849936,0.015764948957081172,0.0001594303023861402,0.0,0.0,0.004357761598554498,0.06097560975609756,0.0165016501650165,0.029937176609695547,1.8591678292562412,False,
scheduled_departure_local_hours,06-09,177039,0.265180882423429,3268,0.018459209552697427,0.014377412722486126,0.01725342599507492,0.9346784837032035,0.01805509599849054,0.00032761143024983197,0.10344827586206896,0.0018359853121175031,0.00743339038290998,0.04179331306990881,0.016829865361077112,0.029070053355249995,1.574826553231366,False,
scheduled_departure_local_hours,10-13,166083,0.24877025116234483,3803,0.022898189459487125,0.01778238744135177,0.02170070627437661,0.9477040231836156,0.022297390462071024,0.0013487232287470723,0.04017857142857143,0.00236655272153563,0.04150334471318558,0.04569853474539388,0.08282934525374704,0.0346555462944651,1.5134622916706935,False,
scheduled_departure_local_hours,14-17,155259,0.23255733835018932,5224,0.03364700275024314,0.02511151310933197,0.031431389006041616,0.9341512300323537,0.03226264094455287,0.018974745425385967,0.09402579769178547,0.05302450229709035,0.1926587186572115,0.06024338058304359,0.34494640122511483,0.057217386773424236,1.7005195737088579,False,
scheduled_departure_local_hours,18-23,150418,0.22530616402243206,5222,0.03471658976984138,0.024928184671206163,0.031193375951770318,0.8985149796846778,0.03328411898734601,0.02290284407451236,0.08592162554426705,0.05668326311757947,0.18989083753274208,0.06049784686482512,0.3309076981999234,0.0561053621761137,1.61609658517937,False,
day_of_week,0,99387,0.14886851123999426,2745,0.027619306347912705,0.020159223395551058,0.024878702833007083,0.9007721815898269,0.02659205269498247,0.010152233189451337,0.10208126858275521,0.03752276867030965,0.10139153007938664,0.06668651384340578,0.2448087431693989,0.05442625628256497,1.970587370912672,False,
day_of_week,1,93557,0.14013594641230886,1786,0.019089966544459526,0.019979072445659853,0.024648200796966765,1.2911599787020267,0.018708770995089698,0.010977265196618104,0.05258033106134372,0.030235162374020158,0.10067659287920733,0.039176133347489116,0.20660694288913775,0.032293703611216036,1.6916584707472222,False,
day_of_week,2,94138,0.14100620716100273,1986,0.02109668784125433,0.020067154118774584,0.024762853345358566,1.1737791985021977,0.020522233173081394,0.010728929868915847,0.08415841584158416,0.042799597180261835,0.10209479700014872,0.047133492872749976,0.2280966767371601,0.0407178225315028,1.9300575918784544,False,
day_of_week,3,98438,0.1474470354215597,2749,0.02792620735894675,0.0201083606001846,0.024812259756316672,0.8884937162212807,0.026872657831531054,0.010290741380361243,0.10463968410661402,0.038559476173153875,0.09934171762937077,0.06432150526638715,0.22881047653692252,0.05475454097196647,1.9606866148411914,False,
day_of_week,4,98538,0.14759682212529357,3122,0.0316832085083927,0.020076494202800197,0.024767717917633148,0.7817301051145853,0.030457527775965547,0.00933649962451034,0.10326086956521739,0.030429212043561818,0.0984188840853275,0.07063312023097545,0.2194106342088405,0.05639785638578116,1.7800550840942038,False,
day_of_week,5,86441,0.12947712457460575,2556,0.02956930160456265,0.019824348174117132,0.024433428346146254,0.8263106336734071,0.028614993655290633,0.008676438264249603,0.06533333333333333,0.01917057902973396,0.09464258858643468,0.054149859430387484,0.17331768388106417,0.04372292626988314,1.4786594169385636,False,
day_of_week,6,97117,0.14546835306523512,2876,0.02961376484034721,0.02022589273018614,0.02496807030444095,0.8431238121545174,0.028488654093171722,0.009751124931783314,0.10137275607180571,0.03337969401947149,0.10297888114336316,0.0653934606539346,0.22739916550764952,0.0547066186023744,1.8473375100162708,False,
missing_or_unseen_values,complete,661506,0.9908480324018597,17628,0.026648284369302774,0.020058201953105,0.024747414083910586,0.9286681927042975,0.025739004432195824,0.010058865679222864,0.0880673279230538,0.03324256864079873,0.10013816957064638,0.05848253373992331,0.21976401179941002,0.04794314444982166,1.7991081071263744,False,
missing_or_unseen_values,unseen category,6110,0.009151967598140248,192,0.031423895253682485,0.021087810305663198,0.026039054851974053,0.8286386726331327,0.030345793688890784,0.003600654664484452,0.09090909090909091,0.010416666666666666,0.08576104746317512,0.05916030534351145,0.16145833333333334,0.050790413579938416,1.6162990988199153,False,
score_decile,decile 01 (lowest),66762,0.10000059914681493,597,0.008942212635930619,0.007826184025544724,0.008915334111782818,0.9969941976061047,0.008858947050766276,0.0,,0.0,0.0,,0.0,0.011698179124672033,1.3081973780927207,False,
score_decile,decile 02,66762,0.10000059914681493,976,0.014619094694586741,0.010597823646116179,0.012354270996169035,0.8450777051703249,0.01440987807748954,0.0,,0.0,0.0,,0.0,0.01506346430642633,1.0303965205180683,False,
score_decile,decile 03,66761,0.0999991012797776,1130,0.01692604963975974,0.012548515043956791,0.01481501814494733,0.8752791383848041,0.016642567132350235,0.0,,0.0,0.0,,0.0,0.018431406032828675,1.0889372550067922,False,
score_decile,decile 04,66762,0.10000059914681493,1425,0.02134447739732183,0.01411835494194419,0.016816920164942975,0.7878815607381916,0.02090956279876139,0.0,,0.0,0.0,,0.0,0.021276248865663535,0.9968034573820554,False,
score_decile,decile 05,66761,0.0999991012797776,1423,0.021314839502104523,0.015886325820080042,0.01909089245270838,0.8956620316481124,0.02086462235330661,0.0,,0.0,0.0,,0.0,0.022182946404534984,1.0407278179291357,False,
score_decile,decile 06,66762,0.10000059914681493,1625,0.024340193523261736,0.018187315052383222,0.022076651776400148,0.9070039543975549,0.023750623733725457,0.0,,0.0,0.0,,0.0,0.025839117167081906,1.0615822401899828,False,
score_decile,decile 07,66761,0.0999991012797776,1821,0.027276403888497777,0.02085855168163257,0.02557491526149721,0.9376204930108815,0.02653193223170341,0.0,,0.0,0.0,,0.0,0.02963815417069697,1.0865858377758926,False,
score_decile,decile 08,66762,0.10000059914681493,2253,0.03374674215871304,0.0244612545723263,0.030340381194589688,0.8990610427488668,0.03261853427121276,0.0,,0.0,0.0,,0.0,0.03438803531473548,1.0190031130414425,False,
score_decile,decile 09,66761,0.0999991012797776,2665,0.0399185153008493,0.030368314537779124,0.03824945224401285,0.9581882481285334,0.03830934618006228,0.0,,0.0,5.991521996375129e-05,0.0,0.0,0.04414634579964209,1.1059115166716345,False,
score_decile,decile 10 (highest),66762,0.10000059914681493,3905,0.05849135735897666,0.045823600513253196,0.05935849546468405,1.0148250638190106,0.05491563072637452,0.09999700428387406,0.08807669263031756,0.15057618437900128,1.0,0.05849135735897666,1.0,0.0737004645837501,1.2600231540436169,False,
event_delay_band_minutes,"[120.0, 180.0)",,,9595,,,,,,,,0.03282959874934862,,,0.22209484106305366,,,False,0.5384399551066218
event_delay_band_minutes,"[180.0, 300.0)",,,5623,,,,,,,,0.03539036101725058,,,0.2239018317624044,,,False,0.31554433221099887
event_delay_band_minutes,"[300.0, 600.0)",,,1762,,,,,,,,0.024404086265607264,,,0.16969353007945517,,,False,0.09887766554433221
event_delay_band_minutes,"[600.0, inf)",,,840,,,,,,,,0.036904761904761905,,,0.2571428571428571,,,False,0.04713804713804714
