month,scheduled_flights,cancelled_flights,diverted_flights,completed_arrival_delay_flights,severe_delay_flights,arrival_delay_sum_minutes,arrival_delay_sum_squares,regime,cancellation_rate_pct,diversion_rate_pct,severe_delay_rate_pct,mean_arrival_delay_minutes
2019-01-01,59412,1666,141,57605,1383,235682.0,150224484.0,2019 pre-COVID reference,2.8041473103076817,0.23732579276913757,2.400833261001649,4.09134623730579
2019-02-01,54565,1562,180,52823,1718,477145.0,181734871.0,2019 pre-COVID reference,2.8626408870154862,0.32988179235773846,3.25237112621396,9.032902334210476
2019-03-01,64894,1315,105,63474,1327,209357.0,149992113.0,2019 pre-COVID reference,2.0263814836502605,0.16180232378956452,2.0906197813277876,3.2983111195135018
2019-04-01,62080,1486,154,60440,1590,275808.0,139374094.0,2019 pre-COVID reference,2.3936855670103094,0.24806701030927833,2.630708140304434,4.563335539377896
2019-05-01,64966,1372,207,63387,1822,414630.0,152415990.0,2019 pre-COVID reference,2.111873903272481,0.3186282055228889,2.874406424030164,6.541246627857447
2019-06-01,64777,1260,247,63270,2457,745941.0,220944159.0,2019 pre-COVID reference,1.9451348472451642,0.3813081803726632,3.883357041251778,11.789805595068753
2019-07-01,67213,1338,255,65620,2253,547324.0,206967634.0,2019 pre-COVID reference,1.9906863255620193,0.37939089164298573,3.4334044498628464,8.340810728436452
2019-08-01,67469,1127,184,66158,2160,508007.0,191358887.0,2019 pre-COVID reference,1.6703967748151003,0.2727178407861388,3.26491127301309,7.678693430877596
2019-09-01,61987,956,134,60897,1147,3533.0,108513695.0,2019 pre-COVID reference,1.5422588607288625,0.21617435913981964,1.8835082187956713,0.058015994219748096
2019-10-01,64869,487,132,64250,1232,150579.0,120224989.0,2019 pre-COVID reference,0.7507438067489864,0.203487027701984,1.9175097276264592,2.3436420233463036
2019-11-01,61662,461,101,61100,965,-5708.0,113759932.0,2019 pre-COVID reference,0.7476241445298564,0.1637961791703156,1.579378068739771,-0.09342062193126023
2019-12-01,63779,564,143,63072,1707,377545.0,174215537.0,2019 pre-COVID reference,0.8843036109064112,0.22421173113407233,2.7064307458143073,5.985936707255201
2020-01-01,62160,752,121,61287,993,-101977.0,121514093.0,2020 COVID operational shock,1.2097812097812097,0.19465894465894465,1.6202457291105783,-1.6639254654331261
2020-02-01,58479,529,106,57844,1177,-16078.0,127566708.0,2020 COVID operational shock,0.9045982318439098,0.18126164948101028,2.034783210013139,-0.277954498305788
2020-03-01,66305,11181,75,55049,520,-347354.0,92885238.0,2020 COVID operational shock,16.862981675590078,0.11311364150516552,0.9446129811622372,-6.309905720358226
2020-04-01,32074,13350,26,18698,106,-259279.0,16489787.0,2020 COVID operational shock,41.62249797343643,0.08106254286961402,0.5669055513958713,-13.866670232110387
2020-05-01,18645,1232,33,17380,91,-197035.0,14695899.0,2020 COVID operational shock,6.607669616519174,0.17699115044247787,0.523590333716916,-11.336881472957423
2020-06-01,23147,73,41,23033,122,-175801.0,19165295.0,2020 COVID operational shock,0.3153756426318745,0.17712878558776515,0.5296748143967351,-7.63257065948856
2020-07-01,36088,280,83,35725,314,-187241.0,44195779.0,2020 COVID operational shock,0.7758811793393926,0.22999334958989137,0.8789363191042686,-5.241175647305808
2020-08-01,38528,392,85,38051,313,-228293.0,39774349.0,2020 COVID operational shock,1.0174418604651163,0.22061877076411962,0.8225802212819636,-5.999658353262727
2020-09-01,32792,174,44,32574,206,-238520.0,30035638.0,2020 COVID operational shock,0.5306172237131007,0.1341790680653818,0.6324062135445447,-7.3224043715847
2020-10-01,35935,187,53,35695,302,-180194.0,43168678.0,2020 COVID operational shock,0.5203840267149019,0.14748852094058718,0.8460568707101835,-5.0481580053228745
2020-11-01,37313,203,43,37067,264,-245577.0,39830087.0,2020 COVID operational shock,0.5440463109372069,0.11524133679950688,0.712223810936952,-6.625219197669086
2020-12-01,37884,404,60,37420,455,-76406.0,73208900.0,2020 COVID operational shock,1.0664132615352129,0.15837820715869497,1.215927311598076,-2.0418492784607163
2021-01-01,36914,398,66,36450,432,-184644.0,70422648.0,2021-2023 recovery and transition,1.078181719672753,0.17879395351357208,1.1851851851851851,-5.065679012345679
2021-02-01,33742,1866,81,31795,567,12994.0,100555218.0,2021-2023 recovery and transition,5.530199751052101,0.2400569023768597,1.7832992608900768,0.40868061015883
2021-03-01,45143,546,71,44526,448,-208640.0,60145712.0,2021-2023 recovery and transition,1.2094898433865715,0.1572779832975212,1.006153707945919,-4.685801554148139
2021-04-01,45735,247,52,45436,590,-169511.0,70761115.0,2021-2023 recovery and transition,0.540067781786378,0.11369848037607959,1.2985298001584646,-3.730764151773924
2021-05-01,50421,226,138,50057,836,-24591.0,86170953.0,2021-2023 recovery and transition,0.4482259376053628,0.2736954840245136,1.6700960904568791,-0.49125996364144875
2021-06-01,55393,897,183,54313,1843,562201.0,174439737.0,2021-2023 recovery and transition,1.6193381835249943,0.3303666528261694,3.393294423066301,10.351131405004327
2021-07-01,59653,942,198,58513,2161,690778.0,205937736.0,2021-2023 recovery and transition,1.5791326504953649,0.331919601696478,3.693196383709603,11.805547485174234
2021-08-01,59484,1829,191,57464,1747,528840.0,180423046.0,2021-2023 recovery and transition,3.074776410463318,0.3210947481675745,3.040164276764583,9.20297925657803
2021-09-01,55127,672,104,54351,883,22623.0,105745193.0,2021-2023 recovery and transition,1.2190033921671777,0.18865528688301558,1.6246251218928816,0.41623889164872774
2021-10-01,57396,1166,93,56137,1163,219458.0,120204260.0,2021-2023 recovery and transition,2.03150045299324,0.16203219736567007,2.071717405632649,3.9093289630724835
2021-11-01,55885,375,72,55438,793,34412.0,105480770.0,2021-2023 recovery and transition,0.6710208463809609,0.1288360025051445,1.4304267830729824,0.6207294635448609
2021-12-01,56740,1368,143,55229,1406,373315.0,166572831.0,2021-2023 recovery and transition,2.4109975326048643,0.2520267888614734,2.545764000796683,6.759401763566243
2022-01-01,54895,3437,113,51345,1323,204437.0,141489485.0,2021-2023 recovery and transition,6.26104381091174,0.20584752709718554,2.5766871165644174,3.981634044210731
2022-02-01,50685,2249,80,48356,1155,222368.0,131618074.0,2021-2023 recovery and transition,4.43721021998619,0.1578376245437506,2.388535031847134,4.598560674993796
2022-03-01,57748,938,140,56670,1522,413123.0,183361327.0,2021-2023 recovery and transition,1.6242986770104593,0.24243263835977005,2.6857243691547557,7.289977060172931
2022-04-01,56739,1286,145,55308,1610,469178.0,147229674.0,2021-2023 recovery and transition,2.2665186203493186,0.2555561430409419,2.9109712880595935,8.483004267013813
2022-05-01,59051,1184,158,57709,1467,412709.0,163270885.0,2021-2023 recovery and transition,2.0050464852415706,0.26756532488865553,2.5420644960058225,7.15155348385867
2022-06-01,59151,1809,186,57156,1859,618155.0,205565907.0,2021-2023 recovery and transition,3.0582745853831717,0.3144494598569762,3.2525019245573517,10.815224998250402
2022-07-01,60744,1043,193,59508,1919,584214.0,206079294.0,2021-2023 recovery and transition,1.7170420123798233,0.317726853681022,3.2247765006385696,9.817402702157693
2022-08-01,60169,1446,168,58555,1725,494358.0,188711752.0,2021-2023 recovery and transition,2.4032308996327014,0.2792135485050441,2.9459482537784987,8.442626590385109
2022-09-01,57022,853,110,56059,955,107940.0,103672808.0,2021-2023 recovery and transition,1.4959138578092666,0.19290800042089018,1.703562318271821,1.9254713783692181
2022-10-01,58590,512,105,57973,971,114979.0,123713085.0,2021-2023 recovery and transition,0.8738692609660351,0.17921146953405018,1.674917634071033,1.9833198212961205
2022-11-01,56080,629,112,55339,1135,251172.0,137922672.0,2021-2023 recovery and transition,1.1216119828815978,0.19971469329529246,2.0509947776432536,4.538788196389526
2022-12-01,56986,3062,140,53783,2183,723458.0,227293170.0,2021-2023 recovery and transition,5.3732495700698415,0.24567437616256627,4.058903370953646,13.4514251715226
2023-01-01,55321,1094,129,54098,1675,417811.0,174936575.0,2021-2023 recovery and transition,1.9775492127763417,0.2331845049800257,3.096232762763873,7.723224518466487
2023-02-01,51026,982,86,49958,1101,197487.0,142299483.0,2021-2023 recovery and transition,1.924509073805511,0.16854152784854778,2.2038512350374315,3.953060570879539
2023-03-01,59009,760,143,58106,1652,560275.0,186179927.0,2021-2023 recovery and transition,1.2879391279296377,0.24233591486044503,2.843079888479675,9.64229167383747
2023-04-01,57289,1027,154,56108,1757,519203.0,184278545.0,2021-2023 recovery and transition,1.7926652586011276,0.26881251200055856,3.131460754259642,9.25363584515577
2023-05-01,59447,327,122,58997,1269,225842.0,163307970.0,2021-2023 recovery and transition,0.550069810082931,0.20522482211045132,2.150956828313304,3.8280251538213808
2023-06-01,58668,1217,225,57226,2360,815231.0,272067463.0,2021-2023 recovery and transition,2.074384673075612,0.3835140110452035,4.123999580610213,14.245814839408661
2023-07-01,61270,1494,231,59545,2812,1012185.0,342264765.0,2021-2023 recovery and transition,2.4383874653174473,0.37701974865350085,4.722478797548073,16.99865647829373
2023-08-01,61454,908,171,60375,1858,507849.0,239365507.0,2021-2023 recovery and transition,1.4775279070524294,0.27825690760568883,3.077432712215321,8.411577639751552
