target,dimension,group,rows,share_of_rows,events,prevalence,mean_score,alert_rate_top0.5pct,precision_top0.5pct,recall_top0.5pct,alert_rate_top1pct,precision_top1pct,recall_top1pct,alert_rate_top5pct,precision_top5pct,recall_top5pct,alert_rate_top10pct,precision_top10pct,recall_top10pct,pr_auc,lift,small_sample
cancelled,overall,all 2022 flights,687710,1.0,18444,0.026819444242485932,0.027027947777698492,0.005003562548167105,0.018308631211857017,0.0034157449577098243,0.010002762792456122,0.01817124582061346,0.006777271741487747,0.05001235986098792,0.020352387044251904,0.03795272175233138,0.1,0.02095359962775007,0.07812838863587074,0.03003715234242324,1.1199766882133966,False
cancelled,quarter_2022,2022 Q1,163174,0.23727152433438514,6618,0.040557932023484136,0.0395602623384818,0.00012256854645960753,0.0,0.0,0.000471888903869489,0.025974025974025976,0.0003022061045633122,0.050688222388370695,0.029500664974005563,0.036869144756724086,0.19508009854511135,0.02308997235486303,0.11106074342701723,0.03475854143394696,0.8570097068514446,False
cancelled,quarter_2022,2022 Q2,174929,0.2543644850300272,4279,0.02446135289174465,0.04240578775892696,0.01955650578234598,0.018415667933352822,0.014723066136947885,0.0388843473637876,0.018082916789179653,0.02874503388642206,0.14933487300561943,0.017455881789993494,0.10656695489600373,0.21084554304889414,0.019006046145920885,0.16382332320635662,0.02380636898884077,0.973223725367826,False
cancelled,quarter_2022,2022 Q3,177931,0.2587296971107007,3338,0.018760081155054488,0.015579277408579896,0.0,,0.0,0.0,,0.0,0.0,,0.0,0.0003147287431644851,0.08928571428571429,0.0014979029358897543,0.044724136619753524,2.384005498169372,False
cancelled,quarter_2022,2022 Q4,171676,0.24963429352488695,4209,0.024517113632656864,0.011312852489073856,0.0,,0.0,0.0,,0.0,0.0,,0.0,0.0,,0.0,0.03335267667544856,1.3603834927380156,False
cancelled,carrier,DOT_19393,133886,0.19468380567390325,4338,0.03240069910222129,0.035625241487094124,0.021981387150262162,0.015970098538905877,0.010834485938220378,0.04510553754686823,0.016559032952475575,0.023052097740894423,0.11495600734953618,0.018712234422714573,0.06639004149377593,0.1604574040601706,0.020434762370246242,0.10119870908252651,0.02792092528124675,0.8617383591989402,False
cancelled,carrier,DOT_19687,9140,0.013290485815241889,149,0.016301969365426695,0.019956300461895286,0.0,,0.0,0.0,,0.0,0.0,,0.0,0.0,,0.0,0.019976647407110547,1.2254131362482577,False
cancelled,carrier,DOT_19690,7643,0.011113696180075905,68,0.008897029962056784,0.017038053395973612,0.0,,0.0,0.0,,0.0,0.0,,0.0,0.0,,0.0,0.008374090027604524,0.9412230894261967,False
cancelled,carrier,DOT_19790,91309,0.13277253493478355,1472,0.016121083354324328,0.016761520784776718,0.0,,0.0,0.0,,0.0,0.0007337721363720991,0.029850746268656716,0.001358695652173913,0.017150554709831452,0.014687100893997445,0.015625,0.016915607425853997,1.049284781553874,False
cancelled,carrier,DOT_19805,88839,0.1291809047418243,2647,0.029795472709057958,0.029760840142066116,0.0003827147986807596,0.0,0.0,0.0006641227388872004,0.01694915254237288,0.00037778617302606723,0.08055020880469163,0.01956400223588597,0.05289006422364941,0.15388511802249014,0.01528783556433326,0.07895731016244806,0.03283815208687835,1.1021188489785363,False
cancelled,carrier,DOT_19930,23347,0.03394890288057466,594,0.025442240973144303,0.018094787637213266,0.0,,0.0,0.0,,0.0,0.0,,0.0,0.0008566411102068788,0.0,0.0,0.03234955398186931,1.271489960967513,False
cancelled,carrier,DOT_19977,64325,0.09353506565267336,1220,0.018966187329965023,0.022772686288662584,1.554605518849592e-05,0.0,0.0,0.00020209871745044695,0.0,0.0,0.057784687135639334,0.010492332526230832,0.031967213114754096,0.14622619510299262,0.007654688496704231,0.05901639344262295,0.020080803016328773,1.0587685688732362,False
cancelled,carrier,DOT_20304,75328,0.10953454217620799,1363,0.018094201359388277,0.02478934889791647,0.000159303313508921,0.0,0.0,0.0007301401869158878,0.03636363636363636,0.001467351430667645,0.010301614273576891,0.045103092783505154,0.025678650036683785,0.05486671622769754,0.03218001451729978,0.09757887013939838,0.0283017473135691,1.5641335448543896,False
cancelled,carrier,DOT_20363,23498,0.034168472175771764,831,0.03536471189037365,0.023459665326099263,0.0,,0.0,0.0,,0.0,0.003915226827815133,0.021739130434782608,0.0024067388688327317,0.02106562260617925,0.048484848484848485,0.02888086642599278,0.045010121085977184,1.2727410653168374,False
cancelled,carrier,DOT_20368,11983,0.01742449579037676,392,0.03271301009763832,0.047113588524483184,0.03313026787949595,0.03526448362720403,0.03571428571428571,0.05157306183760327,0.032362459546925564,0.05102040816326531,0.22031210882082952,0.03333333333333333,0.22448979591836735,0.274138362680464,0.034703196347031964,0.29081632653061223,0.03431499163393242,1.0489707774219699,False
cancelled,carrier,DOT_20378,11551,0.016796324031932066,377,0.03263786685135486,0.03452121789059638,0.0,,0.0,8.657259111765215e-05,0.0,0.0,0.052116699852826597,0.019933554817275746,0.03183023872679045,0.14916457449571466,0.01857225769007545,0.08488063660477453,0.03368365374571712,1.0320421337315078,False
cancelled,carrier,DOT_20397,21952,0.031920431577263673,693,0.031568877551020405,0.034132149491497524,0.0023232507288629737,0.0392156862745098,0.002886002886002886,0.003826530612244898,0.023809523809523808,0.002886002886002886,0.09548104956268222,0.01431297709923664,0.04329004329004329,0.1678206997084548,0.01737242128121607,0.09235209235209235,0.03552769763031308,1.1254026239258772,False
cancelled,carrier,DOT_20398,25424,0.036969071265504354,589,0.02316708621774701,0.03412163865718941,0.0,,0.0,0.00027533039647577095,0.0,0.0,0.04881214600377596,0.024174053182917002,0.050933786078098474,0.13986784140969163,0.030371203599550055,0.1833616298811545,0.03481473848199705,1.5027672515556758,False
cancelled,carrier,DOT_20409,27787,0.04040511262014512,1054,0.03793140677295138,0.02253636964560886,0.0,,0.0,0.0,,0.0,0.002483175585705546,0.2318840579710145,0.015180265654648957,0.02749487170259474,0.09947643979057591,0.07210626185958255,0.0701403169216625,1.8491356606283076,False
cancelled,carrier,DOT_20416,23572,0.034276075671431275,685,0.02905990157814356,0.019429545103108018,0.0,,0.0,0.0,,0.0,0.0008060410656711353,0.0,0.0,0.005557441031732564,0.061068702290076333,0.01167883211678832,0.04633668915726505,1.5945232654234331,False
cancelled,carrier,DOT_20436,15830,0.02301842346337846,452,0.02855337965887555,0.023250657247196885,0.0,,0.0,0.0,,0.0,0.016866708780795957,0.026217228464419477,0.015486725663716814,0.11446620341124447,0.03200883002207505,0.12831858407079647,0.03158164318484955,1.1060562203897533,False
cancelled,carrier,DOT_20452,32296,0.046961655348911606,1520,0.047064651969284124,0.03072772741449165,9.289076046569234e-05,0.0,0.0,9.289076046569234e-05,0.0,0.0,0.008081496160515234,0.0421455938697318,0.007236842105263158,0.09419123111221205,0.026627218934911243,0.053289473684210525,0.05275406490468448,1.120885052737954,False
cancelled,origin_airport_top25,ATL,32519,0.04728591993718283,513,0.015775392847258526,0.018423694408192033,0.00046126879670346565,0.0,0.0,0.0017835726805867339,0.0,0.0,0.013776561394876841,0.029017857142857144,0.025341130604288498,0.029275192964113288,0.01680672268907563,0.031189083820662766,0.017232869177855978,1.0923892257206598,False
cancelled,origin_airport_top25,AUS,9147,0.013300664524290762,296,0.03236033672242265,0.029528967229966063,0.005138296709303596,0.02127659574468085,0.0033783783783783786,0.012025800809008417,0.02727272727272727,0.010135135135135136,0.06821908822564775,0.02564102564102564,0.05405405405405406,0.12955067235159068,0.02362869198312236,0.0945945945945946,0.035378332328794254,1.0932621817955441,False
cancelled,origin_airport_top25,BNA,8989,0.013070916520044787,292,0.03248414729113361,0.030021269673331814,0.007119813104905996,0.015625,0.003424657534246575,0.018244521081321616,0.018292682926829267,0.010273972602739725,0.06329958838580488,0.019332161687170474,0.03767123287671233,0.12159305818222271,0.021957913998170174,0.0821917808219178,0.031720480092319474,0.9764910806502046,False
cancelled,origin_airport_top25,BOS,13874,0.020174201334864986,460,0.03315554274181923,0.02541083845990936,0.0012973908029407526,0.05555555555555555,0.002173913043478261,0.0027389361395415888,0.02631578947368421,0.002173913043478261,0.029623756667147182,0.0170316301703163,0.015217391304347827,0.07488828023641343,0.03657362848893166,0.08260869565217391,0.04530975823757757,1.3665817082351113,False
cancelled,origin_airport_top25,BWI,8899,0.012940047403702143,331,0.03719519047083942,0.03280339613702583,0.018204292617147993,0.018518518518518517,0.00906344410876133,0.04910664119563996,0.009153318077803204,0.012084592145015106,0.07798629059444881,0.007204610951008645,0.015105740181268883,0.13361051803573434,0.01682085786375105,0.06042296072507553,0.035014224629133894,0.9413643050594034,False
cancelled,origin_airport_top25,CLT,19355,0.02814413052013203,511,0.02640144665461121,0.028107539679587012,0.0005683285972616895,0.0,0.0,0.0015499870834409714,0.0,0.0,0.0700594161715319,0.011799410029498525,0.03131115459882583,0.13908550762076982,0.01300148588410104,0.0684931506849315,0.02779854314622906,1.052917421908539,False
cancelled,origin_airport_top25,DCA,14544,0.02114844920097134,597,0.041047854785478545,0.03152849164827741,0.0013063806380638064,0.0,0.0,0.003437843784378438,0.02,0.0016750418760469012,0.07185093509350936,0.021052631578947368,0.03685092127303183,0.1294004400440044,0.02763018065887354,0.08710217755443886,0.04728770474803094,1.1520140332585629,False
cancelled,origin_airport_top25,DEN,27651,0.040207354844338454,738,0.0266898123033525,0.02731309550349364,0.00401432136269936,0.04504504504504504,0.006775067750677507,0.011753643629525154,0.024615384615384615,0.01084010840108401,0.07941846587826842,0.01366120218579235,0.04065040650406504,0.1436837727387798,0.015353637050088095,0.08265582655826559,0.02749066270623507,1.0300058461925554,False
cancelled,origin_airport_top25,DFW,28075,0.040823893792441585,840,0.02991985752448798,0.03081997731541276,0.0005699020480854853,0.0,0.0,0.0005699020480854853,0.0,0.0,0.059697239536954584,0.016109785202863963,0.03214285714285714,0.12776491540516474,0.01533314747700028,0.06547619047619048,0.034182153380757294,1.1424570906723346,False
cancelled,origin_airport_top25,DTW,12752,0.01854269968446002,249,0.019526348808030114,0.019039398667840938,0.00023525721455457967,0.0,0.0,0.0005489335006273525,0.0,0.0,0.006430363864491844,0.012195121951219513,0.004016064257028112,0.017330614805520703,0.013574660633484163,0.012048192771084338,0.023279751479175517,1.192222453262836,False
cancelled,origin_airport_top25,EWR,13287,0.019320643876052406,626,0.04711372017761722,0.027180195837295165,0.0004515692029803567,0.0,0.0,0.0006020922706404757,0.0,0.0,0.04410325882441484,0.02901023890784983,0.027156549520766772,0.11951531572213442,0.022670025188916875,0.05750798722044728,0.051825471459528386,1.10000804997245,False
cancelled,origin_airport_top25,IAH,12835,0.01866339009175379,246,0.01916634203350214,0.025385840555835707,0.00023373587845734321,0.0,0.0,0.0017919750681729646,0.043478260869565216,0.0040650406504065045,0.03880015582391897,0.014056224899598393,0.028455284552845527,0.11429684456564082,0.011588275391956374,0.06910569105691057,0.022612258551919118,1.1797899939588694,False
cancelled,origin_airport_top25,JFK,13979,0.020326881970598072,502,0.035911009371199655,0.024235701637779244,0.0,,0.0,0.0,,0.0,0.012018027040560842,0.05952380952380952,0.0199203187250996,0.07275198512053795,0.0344149459193707,0.0697211155378486,0.044923988592096925,1.2509809492608026,False
cancelled,origin_airport_top25,LAS,17689,0.025721597766500414,372,0.02103001865566171,0.027583036962881564,0.008423313923907513,0.006711409395973154,0.002688172043010753,0.02176493866244559,0.01038961038961039,0.010752688172043012,0.0950308101079767,0.013087447947650209,0.05913978494623656,0.12058341342076997,0.015002344116268168,0.08602150537634409,0.020131847049914706,0.9572909743708098,False
cancelled,origin_airport_top25,LAX,19726,0.028683602099722268,253,0.012825712257933691,0.021965944748512198,0.002331947683260671,0.0,0.0,0.004511811821960864,0.011235955056179775,0.003952569169960474,0.024789617763358005,0.00408997955010225,0.007905138339920948,0.06331744905201257,0.005604483586869495,0.02766798418972332,0.013033084555025892,1.016168481946406,False
cancelled,origin_airport_top25,LGA,17377,0.025267918163179248,899,0.051735052080336075,0.031355778643569955,0.006502848592967716,0.017699115044247787,0.002224694104560623,0.006502848592967716,0.017699115044247787,0.002224694104560623,0.04586522414686079,0.027603513174404015,0.024471635150166853,0.09495309892386487,0.03393939393939394,0.06229143492769744,0.05655312295574023,1.0931297192457152,False
cancelled,origin_airport_top25,MCO,15095,0.021949659013246862,532,0.03524345809870818,0.025659587261547944,0.0015236833388539252,0.043478260869565216,0.0018796992481203006,0.0032461079827757534,0.02040816326530612,0.0018796992481203006,0.03544219940377608,0.024299065420560748,0.02443609022556391,0.09493209672076847,0.027913468248429867,0.07518796992481203,0.03450369011370614,0.9790097786962297,False
cancelled,origin_airport_top25,MIA,10939,0.01590641404080208,305,0.027881890483590823,0.026143441237715396,9.141603437242893e-05,0.0,0.0,0.0009141603437242893,0.0,0.0,0.035195173233385134,0.05454545454545454,0.06885245901639345,0.13474723466496025,0.028493894165535955,0.1377049180327869,0.03412379628473572,1.223869532979423,False
cancelled,origin_airport_top25,MSP,12325,0.017921798432478805,194,0.015740365111561867,0.01960458522056512,0.0002434077079107505,0.0,0.0,0.0017038539553752535,0.0,0.0,0.010709939148073023,0.007575757575757576,0.005154639175257732,0.03058823529411765,0.002652519893899204,0.005154639175257732,0.017728954080844996,1.126336902301106,False
cancelled,origin_airport_top25,ORD,26508,0.03854531706678687,734,0.02768975403651728,0.031326071618964564,0.0004526935264825713,0.08333333333333333,0.0013623978201634877,0.003017956843217142,0.025,0.0027247956403269754,0.06767768220914441,0.027870680044593088,0.0681198910081744,0.1485212011468236,0.02235204470408941,0.11989100817438691,0.034155682930502904,1.2335134102476444,False
cancelled,origin_airport_top25,PHL,8972,0.013046196798068954,245,0.027307177886758804,0.027874423579287967,0.0005572893446277307,0.0,0.0,0.0014489522960321,0.07692307692307693,0.004081632653061225,0.055394560855996436,0.008048289738430584,0.0163265306122449,0.12784217565760142,0.011333914559721011,0.053061224489795916,0.029951734299260697,1.0968447352366,False
cancelled,origin_airport_top25,PHX,16878,0.02454232161812392,299,0.01771536911956393,0.02628088204725424,0.003851167199905202,0.0,0.0,0.013982699371963503,0.00847457627118644,0.006688963210702341,0.061855670103092786,0.007662835249042145,0.026755852842809364,0.121637634790852,0.00535801266439357,0.03678929765886288,0.014899480218683064,0.8410482512740226,False
cancelled,origin_airport_top25,SEA,17798,0.025880094807404285,348,0.019552758736936734,0.018202561786054786,0.0005056747949207777,0.0,0.0,0.0028093044162265423,0.0,0.0,0.00859647151365322,0.0,0.0,0.020339363973480167,0.0027624309392265192,0.0028735632183908046,0.01940036201920883,0.9922058713157436,False
cancelled,origin_airport_top25,SFO,13441,0.0195445754751276,230,0.017111822037050816,0.024741619661383687,0.0020087791086972695,0.0,0.0,0.003571162859906257,0.0,0.0,0.02849490365300201,0.0026109660574412533,0.004347826086956522,0.0724648463655978,0.006160164271047228,0.02608695652173913,0.016803946146463935,0.9820080006722683,False
cancelled,origin_airport_top25,SLC,11149,0.016211775312268254,106,0.009507579155081174,0.016753733457577358,0.0,,0.0,0.0,,0.0,0.0076240021526594315,0.0,0.0,0.018028522737465243,0.004975124378109453,0.009433962264150943,0.007794135277529731,0.8197812661243298,False
cancelled,origin_airport_top25,all other airports,283907,0.4128295357054572,7726,0.027213136696171633,0.028755281293701064,0.008851490100631545,0.01870274572224433,0.00608335490551385,0.015917184148330262,0.02013719849524231,0.01177841056173958,0.056588953424889135,0.023278974231295903,0.04840797307791871,0.10530208835992068,0.024183837302649183,0.09358011907843646,0.03012499679377087,1.1070020016475675,False
cancelled,route_volume_in_fit_period,"1,000 or more",112661,0.1638205057364296,2690,0.02387694055618182,0.02503598661021595,0.003035655639484826,0.014619883040935672,0.0018587360594795538,0.006657139560273742,0.009333333333333334,0.0026022304832713753,0.04793140483397094,0.017222222222222222,0.0345724907063197,0.08923229866590923,0.018800358102059087,0.07026022304832713,0.02783059528463333,1.1655846451160132,False
cancelled,route_volume_in_fit_period,1-99,59470,0.08647540387663405,1723,0.028972591222465108,0.03012986043264269,0.006877417185135362,0.02444987775061125,0.005803830528148578,0.01409113838910375,0.01909307875894988,0.009286128845037725,0.06287203632083403,0.024872960684675045,0.053975623911781775,0.1193879266857239,0.02535211267605634,0.1044689495066744,0.03124450767604896,1.0784160600665302,False
cancelled,route_volume_in_fit_period,100-999,509241,0.7404879963938288,13813,0.02712468163403968,0.027079555987774236,0.00525095190685746,0.01795063575168287,0.0034749873307753565,0.010248585640197863,0.019352366353707608,0.007311952508506479,0.0489198630903639,0.02031149646756583,0.03663215811192355,0.10002729552412315,0.02055439946601751,0.07579816115253747,0.030174806539121087,1.112448320914252,False
cancelled,route_volume_in_fit_period,unseen route (0 fit-period flights),6338,0.00921609399310756,218,0.03439570842537078,0.02918392363649308,0.0025244556642473968,0.0,0.0,0.011360050489113285,0.013888888888888888,0.0045871559633027525,0.05411801830230357,0.023323615160349854,0.03669724770642202,0.10728936573051435,0.03676470588235294,0.11467889908256881,0.04125448978352281,1.1994080561833376,False
cancelled,scheduled_departure_local_hours,00-05,19392,0.028197932267961787,533,0.027485561056105612,0.02837303241177227,0.01639851485148515,0.0220125786163522,0.013133208255159476,0.023978960396039604,0.017204301075268817,0.0150093808630394,0.06260313531353136,0.016474464579901153,0.0375234521575985,0.11169554455445545,0.017082179132040628,0.06941838649155722,0.028196265043097656,1.0258573578156656,False
cancelled,scheduled_departure_local_hours,06-09,181977,0.2646129909409489,4590,0.025222967737681134,0.02641301201527083,0.0049456799485649286,0.02,0.00392156862745098,0.010100177494958154,0.019042437431991296,0.007625272331154684,0.050187661078048326,0.01938026935289609,0.038562091503267976,0.0999082301609544,0.019470876189428523,0.07712418300653595,0.02784793323413583,1.1040704457839512,False
cancelled,scheduled_departure_local_hours,10-13,170315,0.24765526166552762,3713,0.02180078090596835,0.026571255172267487,0.003986730470011449,0.013254786450662739,0.0024239159709130084,0.008613451545665386,0.012269938650306749,0.004847831941826017,0.05038898511581481,0.01456536937776742,0.033665499596014004,0.09933358776384933,0.01666863695472278,0.0759493670886076,0.02346700990032265,1.0764297848568416,False
cancelled,scheduled_departure_local_hours,14-17,160097,0.23279725465675938,4361,0.0272397359101045,0.027556662429158343,0.0043848416897256035,0.019943019943019943,0.0032102728731942215,0.00914445617344485,0.018442622950819672,0.006191240541160285,0.05024453924808085,0.02138239681750373,0.039440495299243296,0.1016758590104749,0.02217717164270795,0.08277917908736529,0.030670452171306595,1.1259452834830708,False
cancelled,scheduled_departure_local_hours,18-23,155929,0.22673656046880225,5247,0.033649930417048786,0.027534308079852438,0.005399893541291229,0.017814726840855107,0.002858776443682104,0.010549673248722176,0.022492401215805473,0.007051648561082523,0.04759217336095274,0.02775906212100795,0.03926052982656756,0.09765983235959956,0.026727081691620698,0.07756813417190776,0.03897538725853178,1.1582605602888512,False
cancelled,day_of_week,0,102111,0.14847973709848628,2478,0.02426770866997679,0.026687044162371103,0.004847665775479625,0.012121212121212121,0.002421307506053269,0.009665951758380587,0.022289766970618033,0.00887812752219532,0.04894673443605488,0.021608643457382955,0.043583535108958835,0.09375091811851809,0.024652668964796825,0.09523809523809523,0.028848833258428228,1.1887745007471207,False
cancelled,day_of_week,1,95362,0.13866600747408064,1629,0.01708227595897737,0.02715620119132632,0.004960046978880477,0.012684989429175475,0.003683241252302026,0.009657935026530484,0.014115092290988056,0.00798035604665439,0.04803800255867117,0.010914647456887142,0.030693677102516883,0.10003984815754703,0.009643605870020965,0.056476365868631064,0.017681151892603327,1.0350583221500542,False
cancelled,day_of_week,2,96632,0.14051271611580463,2256,0.023346303501945526,0.02745579892977693,0.004884510307144631,0.00847457627118644,0.0017730496453900709,0.010141568010596904,0.007142857142857143,0.0031028368794326243,0.04980751717857439,0.011219613546644504,0.023936170212765957,0.10341294809172945,0.011608125687981587,0.051418439716312055,0.025817310991798157,1.105841487482021,False
cancelled,day_of_week,3,102123,0.14849718631399864,3424,0.03352819639062699,0.027536742328258187,0.00466104599355679,0.018907563025210083,0.002628504672897196,0.009145833945340423,0.017130620985010708,0.004672897196261682,0.049273914789028914,0.01987281399046105,0.029205607476635514,0.1040901657804804,0.021825023518344307,0.06775700934579439,0.03907112054061038,1.1653212742315284,False
cancelled,day_of_week,4,102178,0.14857716188509693,3356,0.032844643661062066,0.027449062102251773,0.006283152929201981,0.012461059190031152,0.0023837902264600714,0.012272700581338449,0.011164274322169059,0.004171632896305125,0.055139071032903365,0.019169329073482427,0.03218116805721097,0.10503239444890289,0.02264256429370108,0.07240762812872467,0.035276342284463434,1.0740363831769681,False
cancelled,day_of_week,5,89225,0.129742187840805,2569,0.028792378817595964,0.026680827691193232,0.00435976463995517,0.043701799485861184,0.006617360840794083,0.00933594844494256,0.028811524609843937,0.009342156481121059,0.0513869431213225,0.032497273718647766,0.05799922148695991,0.10034183244606332,0.031386127555009496,0.10938108213312572,0.033388101892200324,1.1596159561430806,False
cancelled,day_of_week,6,100079,0.1455250032717279,2732,0.027298434236952808,0.026200790620693516,0.00493610048062031,0.02631578947368421,0.004758418740849195,0.009692343048991296,0.029896907216494847,0.01061493411420205,0.04747249672758521,0.027573142496316566,0.0479502196193265,0.09342619330728724,0.025775401069518717,0.08821376281112737,0.03158367662909698,1.156977589078842,False
cancelled,missing_or_unseen_values,complete,681372,0.9907839060068925,18226,0.026748971193415638,0.027007893277377033,0.0050266227552643785,0.018394160583941607,0.0034566004608800613,0.009990137546010108,0.018216541795210813,0.0068034675737956764,0.04997416976335981,0.020322457490235236,0.037967738395698454,0.0999321956288195,0.02079569987222981,0.07769121035882805,0.029936502402432494,1.1191646282755532,False
cancelled,missing_or_unseen_values,unseen category,6338,0.00921609399310756,218,0.03439570842537078,0.02918392363649308,0.0025244556642473968,0.0,0.0,0.011360050489113285,0.013888888888888888,0.0045871559633027525,0.05411801830230357,0.023323615160349854,0.03669724770642202,0.10728936573051435,0.03676470588235294,0.11467889908256881,0.04125448978352281,1.1994080561833376,False
