target,eval_year,scheme,capacity,fraction,miss_to_false_alert_ratio,net_reduction_units,random_review_reduction_units,advantage_over_random_units,reviewed,events_captured,false_alerts,break_even_ratio,pays_off_at_this_ratio
cancelled,2020,whole_year,0.5%,0.005,1,-1976.0,-2110.3476345615563,134.34763456155633,2398,211,2187,10.364928909952607,False
cancelled,2020,whole_year,0.5%,0.005,2,-1765.0,-1966.5214518423345,201.5214518423345,2398,211,2187,10.364928909952607,False
cancelled,2020,whole_year,0.5%,0.005,5,-1132.0,-1535.0429036846692,403.0429036846692,2398,211,2187,10.364928909952607,False
cancelled,2020,whole_year,0.5%,0.005,10,-77.0,-815.9119900885603,738.9119900885603,2398,211,2187,10.364928909952607,False
cancelled,2020,whole_year,0.5%,0.005,20,2033.0,622.3498371036576,1410.6501628963424,2398,211,2187,10.364928909952607,True
cancelled,2020,whole_year,0.5%,0.005,50,8363.0,4937.135318680311,3425.864681319689,2398,211,2187,10.364928909952607,True
cancelled,2020,whole_year,0.5%,0.005,100,18913.0,12128.4444546414,6784.5555453586,2398,211,2187,10.364928909952607,True
cancelled,2020,whole_year,1%,0.01,1,-4065.0,-4219.815224237975,154.8152242379747,4795,365,4430,12.136986301369863,False
cancelled,2020,whole_year,1%,0.01,2,-3700.0,-3932.222836356962,232.22283635696203,4795,365,4430,12.136986301369863,False
cancelled,2020,whole_year,1%,0.01,5,-2605.0,-3069.445672713924,464.44567271392407,4795,365,4430,12.136986301369863,False
cancelled,2020,whole_year,1%,0.01,10,-780.0,-1631.4837333088608,851.4837333088608,4795,365,4430,12.136986301369863,False
cancelled,2020,whole_year,1%,0.01,20,2870.0,1244.4401455012658,1625.5598544987342,4795,365,4430,12.136986301369863,True
cancelled,2020,whole_year,1%,0.01,50,13820.0,9872.211781931645,3947.7882180683555,4795,365,4430,12.136986301369863,True
cancelled,2020,whole_year,1%,0.01,100,32070.0,24251.83117598228,7818.168824017721,4795,365,4430,12.136986301369863,True
cancelled,2020,whole_year,5%,0.05,1,-20413.0,-21097.3160314196,684.3160314195993,23973,1780,22193,12.467977528089888,False
cancelled,2020,whole_year,5%,0.05,2,-18633.0,-19659.474047129395,1026.4740471293953,23973,1780,22193,12.467977528089888,False
cancelled,2020,whole_year,5%,0.05,5,-13293.0,-15345.94809425879,2052.9480942587907,23973,1780,22193,12.467977528089888,False
cancelled,2020,whole_year,5%,0.05,10,-4393.0,-8156.738172807782,3763.7381728077817,23973,1780,22193,12.467977528089888,False
cancelled,2020,whole_year,5%,0.05,20,13407.0,6221.681670094236,7185.318329905764,23973,1780,22193,12.467977528089888,True
cancelled,2020,whole_year,5%,0.05,50,66807.0,49356.94119880029,17450.05880119971,23973,1780,22193,12.467977528089888,True
cancelled,2020,whole_year,5%,0.05,100,155807.0,121249.04041331037,34557.95958668963,23973,1780,22193,12.467977528089888,True
cancelled,2020,whole_year,10%,0.1,1,-40361.0,-42193.75201795406,1832.7520179540588,47945,3792,44153,11.643723628691983,False
cancelled,2020,whole_year,10%,0.1,2,-36569.0,-39318.12802693108,2749.128026931081,47945,3792,44153,11.643723628691983,False
cancelled,2020,whole_year,10%,0.1,5,-25193.0,-30691.25605386217,5498.256053862169,47945,3792,44153,11.643723628691983,False
cancelled,2020,whole_year,10%,0.1,10,-6233.0,-16313.136098747305,10080.136098747305,47945,3792,44153,11.643723628691983,False
cancelled,2020,whole_year,10%,0.1,20,31687.0,12443.103811482419,19243.89618851758,47945,3792,44153,11.643723628691983,True
cancelled,2020,whole_year,10%,0.1,50,145447.0,98711.8235421716,46735.176457828406,47945,3792,44153,11.643723628691983,True
cancelled,2020,whole_year,10%,0.1,100,335047.0,242493.02309332023,92553.97690667977,47945,3792,44153,11.643723628691983,True
cancelled,2020,by_month,0.5%,0.005,1,-1945.0,-2114.747858987248,169.74785898724804,2403,229,2174,9.493449781659388,False
cancelled,2020,by_month,0.5%,0.005,2,-1716.0,-1970.6217884808718,254.62178848087183,2403,229,2174,9.493449781659388,False
cancelled,2020,by_month,0.5%,0.005,5,-1029.0,-1538.2435769617437,509.24357696174366,2403,229,2174,9.493449781659388,False
cancelled,2020,by_month,0.5%,0.005,10,116.0,-817.6132244298631,933.6132244298631,2403,229,2174,9.493449781659388,True
cancelled,2020,by_month,0.5%,0.005,20,2406.0,623.6474806338979,1782.3525193661021,2403,229,2174,9.493449781659388,True
cancelled,2020,by_month,0.5%,0.005,50,9276.0,4947.4295958251805,4328.5704041748195,2403,229,2174,9.493449781659388,True
cancelled,2020,by_month,0.5%,0.005,100,20726.0,12153.733121143985,8572.266878856015,2403,229,2174,9.493449781659388,True
cancelled,2020,by_month,1%,0.01,1,-3942.0,-4224.215448663666,282.2154486636664,4800,429,4371,10.188811188811188,False
cancelled,2020,by_month,1%,0.01,2,-3513.0,-3936.323172995499,423.32317299549914,4800,429,4371,10.188811188811188,False
cancelled,2020,by_month,1%,0.01,5,-2226.0,-3072.6463459909983,846.6463459909983,4800,429,4371,10.188811188811188,False
cancelled,2020,by_month,1%,0.01,10,-81.0,-1633.184967650163,1552.184967650163,4800,429,4371,10.188811188811188,False
cancelled,2020,by_month,1%,0.01,20,4209.0,1245.7377890315074,2963.2622109684926,4800,429,4371,10.188811188811188,True
cancelled,2020,by_month,1%,0.01,50,17079.0,9882.506059076517,7196.493940923483,4800,429,4371,10.188811188811188,True
cancelled,2020,by_month,1%,0.01,100,38529.0,24277.11984248487,14251.88015751513,4800,429,4371,10.188811188811188,True
cancelled,2020,by_month,5%,0.05,1,-20320.0,-21101.71625584529,781.716255845291,23978,1829,22149,12.109896118097321,False
cancelled,2020,by_month,5%,0.05,2,-18491.0,-19663.574383767933,1172.5743837679329,23978,1829,22149,12.109896118097321,False
cancelled,2020,by_month,5%,0.05,5,-13004.0,-15349.148767535866,2345.1487675358658,23978,1829,22149,12.109896118097321,False
cancelled,2020,by_month,5%,0.05,10,-3859.0,-8158.439407149086,4299.439407149086,23978,1829,22149,12.109896118097321,False
cancelled,2020,by_month,5%,0.05,20,14431.0,6222.979313624473,8208.020686375527,23978,1829,22149,12.109896118097321,True
cancelled,2020,by_month,5%,0.05,50,69301.0,49367.23547594514,19933.76452405486,23978,1829,22149,12.109896118097321,True
cancelled,2020,by_month,5%,0.05,100,160751.0,121274.32907981293,39476.67092018707,23978,1829,22149,12.109896118097321,True
cancelled,2020,by_month,10%,0.1,1,-41043.0,-42197.2721974946,1154.2721974946035,47949,3453,44496,12.886185925282364,False
cancelled,2020,by_month,10%,0.1,2,-37590.0,-39321.40829624191,1731.4082962419125,47949,3453,44496,12.886185925282364,False
cancelled,2020,by_month,10%,0.1,5,-27231.0,-30693.81659248382,3462.8165924838213,47949,3453,44496,12.886185925282364,False
cancelled,2020,by_month,10%,0.1,10,-9966.0,-16314.49708622034,6348.497086220341,47949,3453,44496,12.886185925282364,False
cancelled,2020,by_month,10%,0.1,20,24564.0,12444.14192630662,12119.85807369338,47949,3453,44496,12.886185925282364,True
cancelled,2020,by_month,10%,0.1,50,128154.0,98720.0589638875,29433.941036112505,47949,3453,44496,12.886185925282364,True
cancelled,2020,by_month,10%,0.1,100,300804.0,242513.25402652228,58290.74597347772,47949,3453,44496,12.886185925282364,True
cancelled,2020,by_day,0.5%,0.005,1,-2116.0,-2279.3162525081034,163.3162525081034,2590,237,2353,9.928270042194093,False
cancelled,2020,by_day,0.5%,0.005,2,-1879.0,-2123.9743787621546,244.97437876215463,2590,237,2353,9.928270042194093,False
cancelled,2020,by_day,0.5%,0.005,5,-1168.0,-1657.9487575243095,489.9487575243095,2590,237,2353,9.928270042194093,False
cancelled,2020,by_day,0.5%,0.005,10,17.0,-881.2393887945673,898.2393887945673,2590,237,2353,9.928270042194093,True
cancelled,2020,by_day,0.5%,0.005,20,2387.0,672.1793486649171,1714.8206513350829,2590,237,2353,9.928270042194093,True
cancelled,2020,by_day,0.5%,0.005,50,9497.0,5332.43556104337,4164.56443895663,2590,237,2353,9.928270042194093,True
cancelled,2020,by_day,0.5%,0.005,100,21347.0,13099.529248340794,8247.470751659206,2590,237,2353,9.928270042194093,True
cancelled,2020,by_day,1%,0.01,1,-4083.0,-4392.304021725075,309.30402172507456,4991,454,4537,9.993392070484582,False
cancelled,2020,by_day,1%,0.01,2,-3629.0,-4092.956032587612,463.95603258761184,4991,454,4537,9.993392070484582,False
cancelled,2020,by_day,1%,0.01,5,-2267.0,-3194.9120651752232,927.9120651752232,4991,454,4537,9.993392070484582,False
cancelled,2020,by_day,1%,0.01,10,3.0,-1698.1721194879092,1701.1721194879092,4991,454,4537,9.993392070484582,True
cancelled,2020,by_day,1%,0.01,20,4543.0,1295.307771886719,3247.692228113281,4991,454,4537,9.993392070484582,True
cancelled,2020,by_day,1%,0.01,50,18163.0,10275.747446010604,7887.252553989396,4991,454,4537,9.993392070484582,True
cancelled,2020,by_day,1%,0.01,100,40863.0,25243.146902883745,15619.853097116255,4991,454,4537,9.993392070484582,True
cancelled,2020,by_day,5%,0.05,1,-20382.0,-21242.52343746741,860.523437467411,24138,1878,22260,11.853035143769969,False
cancelled,2020,by_day,5%,0.05,2,-18504.0,-19794.785156201116,1290.7851562011165,24138,1878,22260,11.853035143769969,False
cancelled,2020,by_day,5%,0.05,5,-12870.0,-15451.570312402233,2581.570312402233,24138,1878,22260,11.853035143769969,False
cancelled,2020,by_day,5%,0.05,10,-3480.0,-8212.878906070759,4732.878906070759,24138,1878,22260,11.853035143769969,False
cancelled,2020,by_day,5%,0.05,20,15300.0,6264.503906592188,9035.496093407812,24138,1878,22260,11.853035143769969,True
cancelled,2020,by_day,5%,0.05,50,71640.0,49696.65234458103,21943.34765541897,24138,1878,22260,11.853035143769969,True
cancelled,2020,by_day,5%,0.05,100,165540.0,122083.56640789576,43456.43359210424,24138,1878,22260,11.853035143769969,True
cancelled,2020,by_day,10%,0.1,1,-41148.0,-42337.1993342316,1189.1993342315982,48108,3480,44628,12.824137931034484,False
cancelled,2020,by_day,10%,0.1,2,-37668.0,-39451.79900134739,1783.79900134739,48108,3480,44628,12.824137931034484,False
cancelled,2020,by_day,10%,0.1,5,-27228.0,-30795.59800269478,3567.59800269478,48108,3480,44628,12.824137931034484,False
cancelled,2020,by_day,10%,0.1,10,-9828.0,-16368.596338273761,6540.596338273761,48108,3480,44628,12.824137931034484,False
cancelled,2020,by_day,10%,0.1,20,24972.0,12485.406990568277,12486.593009431723,48108,3480,44628,12.824137931034484,True
cancelled,2020,by_day,10%,0.1,50,129372.0,99047.41697709437,30324.58302290563,48108,3480,44628,12.824137931034484,True
cancelled,2020,by_day,10%,0.1,100,303372.0,243317.43362130455,60054.566378695454,48108,3480,44628,12.824137931034484,True
cancelled,2021,whole_year,0.5%,0.005,1,-3022.0,-2952.841918852495,-69.15808114750507,3058,18,3040,168.88888888888889,False
cancelled,2021,whole_year,0.5%,0.005,2,-3004.0,-2900.262878278743,-103.73712172125715,3058,18,3040,168.88888888888889,False
cancelled,2021,whole_year,0.5%,0.005,5,-2950.0,-2742.5257565574857,-207.4742434425143,3058,18,3040,168.88888888888889,False
cancelled,2021,whole_year,0.5%,0.005,10,-2860.0,-2479.6305536887235,-380.36944631127653,3058,18,3040,168.88888888888889,False
cancelled,2021,whole_year,0.5%,0.005,20,-2680.0,-1953.8401479511995,-726.1598520488005,3058,18,3040,168.88888888888889,False
cancelled,2021,whole_year,0.5%,0.005,50,-2140.0,-376.4689307386275,-1763.5310692613725,3058,18,3040,168.88888888888889,False
cancelled,2021,whole_year,0.5%,0.005,100,-1240.0,2252.4830979489925,-3492.4830979489925,3058,18,3040,168.88888888888889,False
cancelled,2021,whole_year,1%,0.01,1,-6040.0,-5905.68383770499,-134.31616229501014,6116,38,6078,159.94736842105263,False
cancelled,2021,whole_year,1%,0.01,2,-6002.0,-5800.525756557486,-201.4742434425143,6116,38,6078,159.94736842105263,False
cancelled,2021,whole_year,1%,0.01,5,-5888.0,-5485.051513114971,-402.9484868850286,6116,38,6078,159.94736842105263,False
cancelled,2021,whole_year,1%,0.01,10,-5698.0,-4959.261107377447,-738.7388926225531,6116,38,6078,159.94736842105263,False
cancelled,2021,whole_year,1%,0.01,20,-5318.0,-3907.680295902399,-1410.319704097601,6116,38,6078,159.94736842105263,False
cancelled,2021,whole_year,1%,0.01,50,-4178.0,-752.937861477255,-3425.062138522745,6116,38,6078,159.94736842105263,False
cancelled,2021,whole_year,1%,0.01,100,-2278.0,4504.966195897985,-6782.966195897985,6116,38,6078,159.94736842105263,False
cancelled,2021,whole_year,5%,0.05,1,-30148.0,-29526.487964248394,-621.5120357516062,30578,215,30363,141.2232558139535,False
cancelled,2021,whole_year,5%,0.05,2,-29933.0,-29000.731946372594,-932.2680536274056,30578,215,30363,141.2232558139535,False
cancelled,2021,whole_year,5%,0.05,5,-29288.0,-27423.46389274519,-1864.5361072548112,30578,215,30363,141.2232558139535,False
cancelled,2021,whole_year,5%,0.05,10,-28213.0,-24794.683803366184,-3418.3161966338157,30578,215,30363,141.2232558139535,False
cancelled,2021,whole_year,5%,0.05,20,-26063.0,-19537.123624608168,-6525.876375391832,30578,215,30363,141.2232558139535,False
cancelled,2021,whole_year,5%,0.05,50,-19613.0,-3764.443088334123,-15848.556911665877,30578,215,30363,141.2232558139535,False
cancelled,2021,whole_year,5%,0.05,100,-8863.0,22523.35780545595,-31386.35780545595,30578,215,30363,141.2232558139535,False
cancelled,2021,whole_year,10%,0.1,1,-59820.0,-59052.97592849679,-767.0240715032123,61156,668,60488,90.55089820359281,False
cancelled,2021,whole_year,10%,0.1,2,-59152.0,-58001.46389274519,-1150.5361072548112,61156,668,60488,90.55089820359281,False
cancelled,2021,whole_year,10%,0.1,5,-57148.0,-54846.92778549038,-2301.0722145096224,61156,668,60488,90.55089820359281,False
cancelled,2021,whole_year,10%,0.1,10,-53808.0,-49589.36760673237,-4218.632393267631,61156,668,60488,90.55089820359281,False
cancelled,2021,whole_year,10%,0.1,20,-47128.0,-39074.247249216336,-8053.752750783664,61156,668,60488,90.55089820359281,False
cancelled,2021,whole_year,10%,0.1,50,-27088.0,-7528.886176668246,-19559.113823331754,61156,668,60488,90.55089820359281,False
cancelled,2021,whole_year,10%,0.1,100,6312.0,45046.7156109119,-38734.7156109119,61156,668,60488,90.55089820359281,True
cancelled,2021,by_month,0.5%,0.005,1,-2822.0,-2958.6355916821603,136.63559168216034,3064,121,2943,24.322314049586776,False
cancelled,2021,by_month,0.5%,0.005,2,-2701.0,-2905.95338752324,204.95338752324005,3064,121,2943,24.322314049586776,False
cancelled,2021,by_month,0.5%,0.005,5,-2338.0,-2747.90677504648,409.9067750464801,3064,121,2943,24.322314049586776,False
cancelled,2021,by_month,0.5%,0.005,10,-1733.0,-2484.49575425188,751.49575425188,3064,121,2943,24.322314049586776,False
cancelled,2021,by_month,0.5%,0.005,20,-523.0,-1957.6737126626801,1434.6737126626801,3064,121,2943,24.322314049586776,False
cancelled,2021,by_month,0.5%,0.005,50,3107.0,-377.20758789508,3484.20758789508,3064,121,2943,24.322314049586776,True
cancelled,2021,by_month,0.5%,0.005,100,9157.0,2256.90262005092,6900.09737994908,3064,121,2943,24.322314049586776,True
cancelled,2021,by_month,1%,0.01,1,-5702.0,-5911.477510534654,209.47751053465436,6122,210,5912,28.152380952380952,False
cancelled,2021,by_month,1%,0.01,2,-5492.0,-5806.216265801982,314.21626580198244,6122,210,5912,28.152380952380952,False
cancelled,2021,by_month,1%,0.01,5,-4862.0,-5490.432531603965,628.4325316039649,6122,210,5912,28.152380952380952,False
cancelled,2021,by_month,1%,0.01,10,-3812.0,-4964.1263079406035,1152.1263079406035,6122,210,5912,28.152380952380952,False
cancelled,2021,by_month,1%,0.01,20,-1712.0,-3911.5138606138794,2199.5138606138794,6122,210,5912,28.152380952380952,False
cancelled,2021,by_month,1%,0.01,50,4588.0,-753.676518633707,5341.676518633707,6122,210,5912,28.152380952380952,True
cancelled,2021,by_month,1%,0.01,100,15088.0,4509.385717999913,10578.614282000086,6122,210,5912,28.152380952380952,True
cancelled,2021,by_month,5%,0.05,1,-28726.0,-29530.350412801505,804.3504128015047,30582,928,29654,31.954741379310345,False
cancelled,2021,by_month,5%,0.05,2,-27798.0,-29004.52561920226,1206.5256192022607,30582,928,29654,31.954741379310345,False
cancelled,2021,by_month,5%,0.05,5,-25014.0,-27427.05123840452,2413.0512384045214,30582,928,29654,31.954741379310345,False
cancelled,2021,by_month,5%,0.05,10,-20374.0,-24797.927270408287,4423.927270408287,30582,928,29654,31.954741379310345,False
cancelled,2021,by_month,5%,0.05,20,-11094.0,-19539.67933441582,8445.679334415821,30582,928,29654,31.954741379310345,False
cancelled,2021,by_month,5%,0.05,50,16746.0,-3764.9355264384285,20510.93552643843,30582,928,29654,31.954741379310345,True
cancelled,2021,by_month,5%,0.05,100,63146.0,22526.304153523895,40619.695846476105,30582,928,29654,31.954741379310345,True
cancelled,2021,by_month,10%,0.1,1,-57769.0,-59057.80398918818,1288.803989188178,61161,1696,59465,35.061910377358494,False
cancelled,2021,by_month,10%,0.1,2,-56073.0,-58006.20598378227,1933.2059837822671,61161,1696,59465,35.061910377358494,False
cancelled,2021,by_month,10%,0.1,5,-50985.0,-54851.41196756454,3866.4119675645416,61161,1696,59465,35.061910377358494,False
cancelled,2021,by_month,10%,0.1,10,-42505.0,-49593.421940534994,7088.421940534994,61161,1696,59465,35.061910377358494,False
cancelled,2021,by_month,10%,0.1,20,-25545.0,-39077.441886475906,13532.441886475906,61161,1696,59465,35.061910377358494,False
cancelled,2021,by_month,10%,0.1,50,25335.0,-7529.501724298621,32864.50172429862,61161,1696,59465,35.061910377358494,True
cancelled,2021,by_month,10%,0.1,100,110135.0,45050.398545996846,65084.601454003154,61161,1696,59465,35.061910377358494,True
cancelled,2021,by_day,0.5%,0.005,1,-2985.0,-3119.892818774497,134.89281877449685,3231,123,3108,25.26829268292683,False
cancelled,2021,by_day,0.5%,0.005,2,-2862.0,-3064.3392281617453,202.33922816174527,3231,123,3108,25.26829268292683,False
cancelled,2021,by_day,0.5%,0.005,5,-2493.0,-2897.678456323491,404.678456323491,3231,123,3108,25.26829268292683,False
cancelled,2021,by_day,0.5%,0.005,10,-1878.0,-2619.9105032597336,741.9105032597336,3231,123,3108,25.26829268292683,False
cancelled,2021,by_day,0.5%,0.005,20,-648.0,-2064.3745971322187,1416.3745971322187,3231,123,3108,25.26829268292683,False
cancelled,2021,by_day,0.5%,0.005,50,3042.0,-397.76687874967456,3439.7668787496746,3231,123,3108,25.26829268292683,True
cancelled,2021,by_day,0.5%,0.005,100,9192.0,2379.9126518878993,6812.087348112101,3231,123,3108,25.26829268292683,True
cancelled,2021,by_day,1%,0.01,1,-5848.0,-6079.494022594934,231.494022594934,6296,224,6072,27.107142857142858,False
cancelled,2021,by_day,1%,0.01,2,-5624.0,-5971.241033892402,347.2410338924019,6296,224,6072,27.107142857142858,False
cancelled,2021,by_day,1%,0.01,5,-4952.0,-5646.482067784803,694.4820677848029,6296,224,6072,27.107142857142858,False
cancelled,2021,by_day,1%,0.01,10,-3832.0,-5105.21712427214,1273.2171242721397,6296,224,6072,27.107142857142858,False
cancelled,2021,by_day,1%,0.01,20,-1592.0,-4022.687237246812,2430.687237246812,6296,224,6072,27.107142857142858,False
cancelled,2021,by_day,1%,0.01,50,5128.0,-775.0975761708296,5903.09757617083,6296,224,6072,27.107142857142858,True
cancelled,2021,by_day,1%,0.01,100,16328.0,4637.551858955808,11690.448141044191,6296,224,6072,27.107142857142858,True
cancelled,2021,by_day,5%,0.05,1,-28852.0,-29680.985906372793,828.9859063727927,30738,943,29795,31.59597030752916,False
cancelled,2021,by_day,5%,0.05,2,-27909.0,-29152.47885955919,1243.478859559189,30738,943,29795,31.59597030752916,False
cancelled,2021,by_day,5%,0.05,5,-25080.0,-27566.957719118374,2486.9577191183744,30738,943,29795,31.59597030752916,False
cancelled,2021,by_day,5%,0.05,10,-20365.0,-24924.422485050356,4559.422485050356,30738,943,29795,31.59597030752916,False
cancelled,2021,by_day,5%,0.05,20,-10935.0,-19639.352016914316,8704.352016914316,30738,943,29795,31.59597030752916,False
cancelled,2021,by_day,5%,0.05,50,17355.0,-3784.1406125061912,21139.14061250619,30738,943,29795,31.59597030752916,True
cancelled,2021,by_day,5%,0.05,100,64505.0,22641.211728174014,41863.788271825986,30738,943,29795,31.59597030752916,True
cancelled,2021,by_day,10%,0.1,1,-57909.0,-59204.57703420636,1295.5770342063624,61313,1702,59611,35.024089306698,False
cancelled,2021,by_day,10%,0.1,2,-56207.0,-58150.36555130954,1943.3655513095364,61313,1702,59611,35.024089306698,False
cancelled,2021,by_day,10%,0.1,5,-51101.0,-54987.73110261907,3886.7311026190728,61313,1702,59611,35.024089306698,False
cancelled,2021,by_day,10%,0.1,10,-42591.0,-49716.673688134964,7125.673688134964,61313,1702,59611,35.024089306698,False
cancelled,2021,by_day,10%,0.1,20,-25571.0,-39174.55885916675,13603.558859166747,61313,1702,59611,35.024089306698,False
cancelled,2021,by_day,10%,0.1,50,25489.0,-7548.214372262097,33037.2143722621,61313,1702,59611,35.024089306698,True
cancelled,2021,by_day,10%,0.1,100,110589.0,45162.35977257899,65426.64022742101,61313,1702,59611,35.024089306698,True
cancelled,2022,whole_year,0.5%,0.005,1,-3313.0,-3254.535862500182,-58.46413749981821,3439,63,3376,53.58730158730159,False
cancelled,2022,whole_year,0.5%,0.005,2,-3250.0,-3162.3037937502727,-87.69620624972731,3439,63,3376,53.58730158730159,False
cancelled,2022,whole_year,0.5%,0.005,5,-3061.0,-2885.6075875005454,-175.39241249945462,3439,63,3376,53.58730158730159,False
cancelled,2022,whole_year,0.5%,0.005,10,-2746.0,-2424.447243751,-321.55275624900014,3439,63,3376,53.58730158730159,False
cancelled,2022,whole_year,0.5%,0.005,20,-2116.0,-1502.1265562519086,-613.8734437480914,3439,63,3376,53.58730158730159,False
cancelled,2022,whole_year,0.5%,0.005,50,-226.0,1264.8355062453652,-1490.8355062453652,3439,63,3376,53.58730158730159,False
cancelled,2022,whole_year,0.5%,0.005,100,2924.0,5876.438943740821,-2952.438943740821,3439,63,3376,53.58730158730159,True
cancelled,2022,whole_year,1%,0.01,1,-6628.0,-6509.071725000364,-118.92827499963641,6878,125,6753,54.024,False
cancelled,2022,whole_year,1%,0.01,2,-6503.0,-6324.607587500545,-178.39241249945462,6878,125,6753,54.024,False
cancelled,2022,whole_year,1%,0.01,5,-6128.0,-5771.215175001091,-356.78482499890924,6878,125,6753,54.024,False
cancelled,2022,whole_year,1%,0.01,10,-5503.0,-4848.894487502,-654.1055124980003,6878,125,6753,54.024,False
cancelled,2022,whole_year,1%,0.01,20,-4253.0,-3004.253112503817,-1248.7468874961828,6878,125,6753,54.024,False
cancelled,2022,whole_year,1%,0.01,50,-503.0,2529.6710124907304,-3032.6710124907304,6878,125,6753,54.024,False
cancelled,2022,whole_year,1%,0.01,100,5747.0,11752.877887481642,-6005.877887481642,6878,125,6753,54.024,True
cancelled,2022,whole_year,5%,0.05,1,-32986.0,-32541.57318055576,-444.4268194442411,34386,700,33686,48.12285714285714,False
cancelled,2022,whole_year,5%,0.05,2,-32286.0,-31619.35977083364,-666.6402291663617,34386,700,33686,48.12285714285714,False
cancelled,2022,whole_year,5%,0.05,5,-30186.0,-28852.719541667273,-1333.280458332727,34386,700,33686,48.12285714285714,False
cancelled,2022,whole_year,5%,0.05,10,-26686.0,-24241.652493056667,-2444.3475069433334,34386,700,33686,48.12285714285714,False
cancelled,2022,whole_year,5%,0.05,20,-19686.0,-15019.518395835454,-4666.481604164546,34386,700,33686,48.12285714285714,False
cancelled,2022,whole_year,5%,0.05,50,1314.0,12646.883895828185,-11332.883895828185,34386,700,33686,48.12285714285714,True
cancelled,2022,whole_year,5%,0.05,100,36314.0,58757.55438193425,-22443.55438193425,34386,700,33686,48.12285714285714,True
cancelled,2022,whole_year,10%,0.1,1,-65889.0,-65082.200000000004,-806.7999999999956,68771,1441,67330,46.72449687716863,False
cancelled,2022,whole_year,10%,0.1,2,-64448.0,-63237.8,-1210.199999999997,68771,1441,67330,46.72449687716863,False
cancelled,2022,whole_year,10%,0.1,5,-60125.0,-57704.600000000006,-2420.399999999994,68771,1441,67330,46.72449687716863,False
cancelled,2022,whole_year,10%,0.1,10,-52920.0,-48482.600000000006,-4437.399999999994,68771,1441,67330,46.72449687716863,False
cancelled,2022,whole_year,10%,0.1,20,-38510.0,-30038.600000000006,-8471.399999999994,68771,1441,67330,46.72449687716863,False
cancelled,2022,whole_year,10%,0.1,50,4720.0,25293.399999999994,-20573.399999999994,68771,1441,67330,46.72449687716863,True
cancelled,2022,whole_year,10%,0.1,100,76770.0,117513.4,-40743.399999999994,68771,1441,67330,46.72449687716863,True
cancelled,2022,by_month,0.5%,0.005,1,-2937.0,-3260.214029169272,323.2140291692722,3445,254,3191,12.562992125984252,False
cancelled,2022,by_month,0.5%,0.005,2,-2683.0,-3167.821043753908,484.8210437539078,3445,254,3191,12.562992125984252,False
cancelled,2022,by_month,0.5%,0.005,5,-1921.0,-2890.642087507816,969.6420875078161,3445,254,3191,12.562992125984252,False
cancelled,2022,by_month,0.5%,0.005,10,-651.0,-2428.6771604309956,1777.6771604309956,3445,254,3191,12.562992125984252,False
cancelled,2022,by_month,0.5%,0.005,20,1889.0,-1504.7473062773554,3393.747306277355,3445,254,3191,12.562992125984252,True
cancelled,2022,by_month,0.5%,0.005,50,9509.0,1267.0422561835658,8241.957743816434,3445,254,3191,12.562992125984252,True
cancelled,2022,by_month,0.5%,0.005,100,22209.0,5886.691526951768,16322.308473048233,3445,254,3191,12.562992125984252,True
cancelled,2022,by_month,1%,0.01,1,-5947.0,-6513.803530557938,566.8035305579378,6883,468,6415,13.707264957264957,False
cancelled,2022,by_month,1%,0.01,2,-5479.0,-6329.205295836908,850.2052958369077,6883,468,6415,13.707264957264957,False
cancelled,2022,by_month,1%,0.01,5,-4075.0,-5775.410591673815,1700.4105916738154,6883,468,6415,13.707264957264957,False
cancelled,2022,by_month,1%,0.01,10,-1735.0,-4852.419418068663,3117.4194180686627,6883,468,6415,13.707264957264957,False
cancelled,2022,by_month,1%,0.01,20,2945.0,-3006.4370708583556,5951.437070858356,6883,468,6415,13.707264957264957,True
cancelled,2022,by_month,1%,0.01,50,16985.0,2531.509970772565,14453.490029227436,6883,468,6415,13.707264957264957,True
cancelled,2022,by_month,1%,0.01,100,40385.0,11761.421706824098,28623.578293175902,6883,468,6415,13.707264957264957,True
cancelled,2022,by_month,5%,0.05,1,-30622.0,-32545.358625001816,1923.358625001816,34390,1884,32506,17.25371549893843,False
cancelled,2022,by_month,5%,0.05,2,-28738.0,-31623.037937502722,2885.0379375027223,34390,1884,32506,17.25371549893843,False
cancelled,2022,by_month,5%,0.05,5,-23086.0,-28856.075875005452,5770.075875005452,34390,1884,32506,17.25371549893843,False
cancelled,2022,by_month,5%,0.05,10,-13666.0,-24244.472437509994,10578.472437509994,34390,1884,32506,17.25371549893843,False
cancelled,2022,by_month,5%,0.05,20,5174.0,-15021.265562519082,20195.265562519082,34390,1884,32506,17.25371549893843,True
cancelled,2022,by_month,5%,0.05,50,61694.0,12648.355062453651,49045.64493754635,34390,1884,32506,17.25371549893843,True
cancelled,2022,by_month,5%,0.05,100,155894.0,58764.38943740821,97129.61056259178,34390,1884,32506,17.25371549893843,True
cancelled,2022,by_month,10%,0.1,1,-62149.0,-65087.878166669085,2938.8781666690847,68777,3314,65463,19.753470126735063,False
cancelled,2022,by_month,10%,0.1,2,-58835.0,-63243.31725000363,4408.317250003631,68777,3314,65463,19.753470126735063,False
cancelled,2022,by_month,10%,0.1,5,-48893.0,-57709.63450000726,8816.634500007262,68777,3314,65463,19.753470126735063,False
cancelled,2022,by_month,10%,0.1,10,-32323.0,-48486.82991667999,16163.829916679992,68777,3314,65463,19.753470126735063,False
cancelled,2022,by_month,10%,0.1,20,817.0,-30041.220750025444,30858.220750025444,68777,3314,65463,19.753470126735063,True
cancelled,2022,by_month,10%,0.1,50,100237.0,25295.606749938204,74941.3932500618,68777,3314,65463,19.753470126735063,True
cancelled,2022,by_month,10%,0.1,100,265937.0,117523.65258321095,148413.34741678904,68777,3314,65463,19.753470126735063,True
cancelled,2022,by_day,0.5%,0.005,1,-3138.0,-3418.2563347922815,280.25633479228145,3612,237,3375,14.240506329113924,False
cancelled,2022,by_day,0.5%,0.005,2,-2901.0,-3321.384502188422,420.3845021884222,3612,237,3375,14.240506329113924,False
cancelled,2022,by_day,0.5%,0.005,5,-2190.0,-3030.769004376845,840.7690043768448,3612,237,3375,14.240506329113924,False
cancelled,2022,by_day,0.5%,0.005,10,-1005.0,-2546.409841357549,1541.4098413575489,3612,237,3375,14.240506329113924,False
cancelled,2022,by_day,0.5%,0.005,20,1365.0,-1577.691515318957,2942.691515318957,3612,237,3375,14.240506329113924,True
cancelled,2022,by_day,0.5%,0.005,50,8475.0,1328.4634627968185,7146.536537203181,3612,237,3375,14.240506329113924,True
cancelled,2022,by_day,0.5%,0.005,100,20325.0,6172.055092989778,14152.944907010222,3612,237,3375,14.240506329113924,True
cancelled,2022,by_day,1%,0.01,1,-6141.0,-6678.470363961553,537.4703639615527,7057,458,6599,14.408296943231441,False
cancelled,2022,by_day,1%,0.01,2,-5683.0,-6489.20554594233,806.20554594233,7057,458,6599,14.408296943231441,False
cancelled,2022,by_day,1%,0.01,5,-4309.0,-5921.41109188466,1612.41109188466,7057,458,6599,14.408296943231441,False
cancelled,2022,by_day,1%,0.01,10,-2019.0,-4975.0870017885445,2956.0870017885445,7057,458,6599,14.408296943231441,False
cancelled,2022,by_day,1%,0.01,20,2561.0,-3082.438821596312,5643.438821596312,7057,458,6599,14.408296943231441,True
cancelled,2022,by_day,1%,0.01,50,16301.0,2595.505718980384,13705.494281019615,7057,458,6599,14.408296943231441,True
cancelled,2022,by_day,1%,0.01,100,39201.0,12058.746619941543,27142.253380058457,7057,458,6599,14.408296943231441,True
cancelled,2022,by_day,5%,0.05,1,-30780.0,-32698.669125067256,1918.6691250672557,34552,1886,32666,17.320254506892894,False
cancelled,2022,by_day,5%,0.05,2,-28894.0,-31772.00368760088,2878.0036876008817,34552,1886,32666,17.320254506892894,False
cancelled,2022,by_day,5%,0.05,5,-23236.0,-28992.00737520176,5756.00737520176,34552,1886,32666,17.320254506892894,False
cancelled,2022,by_day,5%,0.05,10,-13806.0,-24358.68018786989,10552.68018786989,34552,1886,32666,17.320254506892894,False
cancelled,2022,by_day,5%,0.05,20,5054.0,-15092.025813206154,20146.025813206154,34552,1886,32666,17.320254506892894,True
cancelled,2022,by_day,5%,0.05,50,61634.0,12707.937310785062,48926.06268921494,34552,1886,32666,17.320254506892894,True
cancelled,2022,by_day,5%,0.05,100,155934.0,59041.209184103755,96892.79081589624,34552,1886,32666,17.320254506892894,True
cancelled,2022,by_day,10%,0.1,1,-62313.0,-65235.51050006543,2922.5105000654294,68933,3310,65623,19.82567975830816,False
cancelled,2022,by_day,10%,0.1,2,-59003.0,-63386.76575009815,4383.765750098151,68933,3310,65623,19.82567975830816,False
cancelled,2022,by_day,10%,0.1,5,-49073.0,-57840.5315001963,8767.531500196303,68933,3310,65623,19.82567975830816,False
cancelled,2022,by_day,10%,0.1,10,-32523.0,-48596.80775035989,16073.80775035989,68933,3310,65623,19.82567975830816,False
cancelled,2022,by_day,10%,0.1,20,577.0,-30109.36025068706,30686.36025068706,68933,3310,65623,19.82567975830816,True
cancelled,2022,by_day,10%,0.1,50,99877.0,25352.98224833142,74524.01775166858,68933,3310,65623,19.82567975830816,True
cancelled,2022,by_day,10%,0.1,100,265377.0,117790.21974669555,147586.78025330446,68933,3310,65623,19.82567975830816,True
