target,period,eval_year,scheme,capacity,fraction,flights,events,prevalence,reviewed,events_captured,false_alerts,events_missed,precision,recall,lift,break_even_ratio,precision_low,precision_high,recall_low,recall_high,n_days,n_boot
severe_delay_120,validation_2022,2022,whole_year,0.5%,0.005,667616,17820,0.02669199060537794,3339,318,3021,17502,0.09523809523809523,0.017845117845117844,3.5680401902624124,9.5,0.07814791927757993,0.1123032285237778,0.01409208465845482,0.021575774742202933,365,1000
severe_delay_120,validation_2022,2022,whole_year,1%,0.01,667616,17820,0.02669199060537794,6677,588,6089,17232,0.08806350157256253,0.032996632996632996,3.2992481855144726,10.355442176870747,0.07418286733024584,0.10195143837918023,0.026978842708672134,0.038927543644265344,365,1000
severe_delay_120,validation_2022,2022,whole_year,5%,0.05,667616,17820,0.02669199060537794,33381,2262,31119,15558,0.06776309876876067,0.12693602693602693,2.5387053281484246,13.757294429708223,0.06052610378470539,0.07509660416265843,0.1110792550972895,0.14154922600664957,365,1000
severe_delay_120,validation_2022,2022,whole_year,10%,0.1,667616,17820,0.02669199060537794,66762,3905,62857,13915,0.05849135735897666,0.2191358024691358,2.1913448953182133,16.096542893725992,0.05343062464241012,0.06381416241891295,0.19832628585085585,0.23778400789930085,365,1000
severe_delay_120,validation_2022,2022,by_month,0.5%,0.005,667616,17820,0.02669199060537794,3344,273,3071,17547,0.08163875598086125,0.01531986531986532,3.058548805438758,11.249084249084248,0.06889919472459627,0.09382785873614367,0.013226142860719835,0.017328213911134455,365,1000
severe_delay_120,validation_2022,2022,by_month,1%,0.01,667616,17820,0.02669199060537794,6683,505,6178,17315,0.07556486607810864,0.02833894500561167,2.830994030954129,12.233663366336634,0.06565999020532005,0.08556747469118603,0.025265857164881677,0.031241182722042047,365,1000
severe_delay_120,validation_2022,2022,by_month,5%,0.05,667616,17820,0.02669199060537794,33387,2134,31253,15686,0.063917093479498,0.11975308641975309,2.394616962985889,14.64526710402999,0.05743690540063405,0.07029252688695137,0.1119590055822236,0.12726730030625052,365,1000
severe_delay_120,validation_2022,2022,by_month,10%,0.1,667616,17820,0.02669199060537794,66767,3772,62995,14048,0.05649497506253089,0.211672278338945,2.1165515864953215,16.70068928950159,0.05168968386890045,0.06163002874128065,0.19963499965881126,0.22267844522590524,365,1000
severe_delay_120,validation_2022,2022,by_day,0.5%,0.005,667616,17820,0.02669199060537794,3517,297,3220,17523,0.08444697185100938,0.016666666666666666,3.1637569898587814,10.841750841750843,0.07123980300655458,0.09761164683334449,0.014519733932018544,0.01884695891587142,365,1000
severe_delay_120,validation_2022,2022,by_day,1%,0.01,667616,17820,0.02669199060537794,6857,543,6314,17277,0.07918914977395362,0.030471380471380472,2.9667757247748496,11.627992633517495,0.06893343111032707,0.08912325895232445,0.027423922815981387,0.033684127495818145,365,1000
severe_delay_120,validation_2022,2022,by_day,5%,0.05,667616,17820,0.02669199060537794,33552,2201,31351,15619,0.06559966618979494,0.12351290684624018,2.4576535770463606,14.243980009086778,0.05878622080025098,0.07234075518856035,0.1148394555855743,0.13188336576788462,365,1000
severe_delay_120,validation_2022,2022,by_day,10%,0.1,667616,17820,0.02669199060537794,66927,3803,63124,14017,0.056823105771960494,0.2134118967452301,2.1288448138638145,16.59847488824612,0.05183794662169496,0.06197133291955243,0.2014035726642894,0.22466468733770287,365,1000
severe_delay_120,final_2023,2023,whole_year,0.5%,0.005,454413,14484,0.03187408810927504,2273,275,1998,14209,0.12098548174219094,0.018986467826567245,3.7957315461829753,7.265454545454546,0.0997690075308652,0.14330159524681724,0.015491753407560134,0.022977461663050733,244,1000
severe_delay_120,final_2023,2023,whole_year,1%,0.01,454413,14484,0.03187408810927504,4545,476,4069,14008,0.10473047304730473,0.03286384976525822,3.2857558995336156,8.548319327731093,0.08961618935050253,0.12122035617442746,0.027495241739298376,0.03873585506343731,244,1000
severe_delay_120,final_2023,2023,whole_year,5%,0.05,454413,14484,0.03187408810927504,22721,1842,20879,12642,0.08107037542361692,0.1271748135874068,2.54345709109169,11.334961997828447,0.07301353087642454,0.08996542838294715,0.11085555798687399,0.1431700535866614,244,1000
severe_delay_120,final_2023,2023,whole_year,10%,0.1,454413,14484,0.03187408810927504,45442,3318,42124,11166,0.07301615245807842,0.22908036454018227,2.2907683572861632,12.695599758890898,0.0663161936750479,0.07997857972842007,0.20390581749363182,0.2525486620950789,244,1000
severe_delay_120,final_2023,2023,by_month,0.5%,0.005,454413,14484,0.03187408810927504,2274,190,2084,14294,0.08355321020228672,0.01311792322562828,2.6213521753418747,10.968421052631578,0.07040720186460908,0.09779501008698314,0.011229485139804832,0.01497217187501624,244,1000
severe_delay_120,final_2023,2023,by_month,1%,0.01,454413,14484,0.03187408810927504,4547,372,4175,14112,0.08181218385748845,0.02568351284175642,2.566730178350794,11.223118279569892,0.07027970845672678,0.09442126345361512,0.02244951922747931,0.028872075250194692,244,1000
severe_delay_120,final_2023,2023,by_month,5%,0.05,454413,14484,0.03187408810927504,22724,1594,21130,12890,0.07014610103854955,0.11005247169290251,2.2007249524461763,13.255959849435383,0.06276071056102986,0.07798300547756509,0.1013581145192261,0.11824794997113501,244,1000
severe_delay_120,final_2023,2023,by_month,10%,0.1,454413,14484,0.03187408810927504,45445,3005,42440,11479,0.06612388601606338,0.20747031206848937,2.0745342043784456,14.123128119800333,0.06026275411109842,0.07263502318429045,0.1938779859902932,0.21987968106217262,244,1000
severe_delay_120,final_2023,2023,by_day,0.5%,0.005,454413,14484,0.03187408810927504,2386,212,2174,14272,0.08885163453478626,0.01463684065175366,2.7875820079988833,10.254716981132075,0.07450331143439468,0.10464147384372466,0.012465699752364274,0.016795164025001533,244,1000
severe_delay_120,final_2023,2023,by_day,1%,0.01,454413,14484,0.03187408810927504,4668,412,4256,14072,0.08826049700085689,0.028445180889257113,2.7690359861675216,10.330097087378642,0.07552406509874446,0.1024305824633007,0.02489997523116921,0.03206284425000609,244,1000
severe_delay_120,final_2023,2023,by_day,5%,0.05,454413,14484,0.03187408810927504,22837,1686,21151,12798,0.07382756053772387,0.1164043082021541,2.3162250253126704,12.545077105575325,0.06599578604922864,0.0822793890534915,0.10694704601111393,0.125501925217319,244,1000
severe_delay_120,final_2023,2023,by_day,10%,0.1,454413,14484,0.03187408810927504,45547,3037,42510,11447,0.0666783761828441,0.20967964650648993,2.091930471994942,13.997365821534409,0.0605695450389429,0.07346609006447126,0.1962065337116786,0.22264688108507352,244,1000
