target,period,eval_year,scheme,capacity,fraction,miss_to_false_alert_ratio,net_reduction_units,random_review_reduction_units,advantage_over_random_units,reviewed,events_captured,false_alerts,break_even_ratio,pays_off_at_this_ratio
severe_delay_120,validation_2022,2022,whole_year,0.5%,0.005,1,-2703.0,-3160.7508867372862,457.75088673728624,3339,318,3021,9.5,False
severe_delay_120,validation_2022,2022,whole_year,0.5%,0.005,2,-2385.0,-3071.6263301059294,686.6263301059294,3339,318,3021,9.5,False
severe_delay_120,validation_2022,2022,whole_year,0.5%,0.005,5,-1431.0,-2804.2526602118583,1373.2526602118583,3339,318,3021,9.5,False
severe_delay_120,validation_2022,2022,whole_year,0.5%,0.005,10,159.0,-2358.629877055074,2517.629877055074,3339,318,3021,9.5,True
severe_delay_120,validation_2022,2022,whole_year,0.5%,0.005,20,3339.0,-1467.3843107415044,4806.384310741504,3339,318,3021,9.5,True
severe_delay_120,validation_2022,2022,whole_year,0.5%,0.005,50,12879.0,1206.3523881992037,11672.647611800796,3339,318,3021,9.5,True
severe_delay_120,validation_2022,2022,whole_year,0.5%,0.005,100,28779.0,5662.580219767051,23116.41978023295,3339,318,3021,9.5,True
severe_delay_120,validation_2022,2022,whole_year,1%,0.01,1,-5501.0,-6320.555157455783,819.555157455783,6677,588,6089,10.355442176870747,False
severe_delay_120,validation_2022,2022,whole_year,1%,0.01,2,-4913.0,-6142.332736183675,1229.3327361836746,6677,588,6089,10.355442176870747,False
severe_delay_120,validation_2022,2022,whole_year,1%,0.01,5,-3149.0,-5607.665472367349,2458.665472367349,6677,588,6089,10.355442176870747,False
severe_delay_120,validation_2022,2022,whole_year,1%,0.01,10,-209.0,-4716.553366006807,4507.553366006807,6677,588,6089,10.355442176870747,False
severe_delay_120,validation_2022,2022,whole_year,1%,0.01,20,5671.0,-2934.3291532857215,8605.329153285722,6677,588,6089,10.355442176870747,True
severe_delay_120,validation_2022,2022,whole_year,1%,0.01,50,23311.0,2412.343484877534,20898.656515122464,6677,588,6089,10.355442176870747,True
severe_delay_120,validation_2022,2022,whole_year,1%,0.01,100,52711.0,11323.46454848296,41387.53545151704,6677,588,6089,10.355442176870747,True
severe_delay_120,validation_2022,2022,whole_year,5%,0.05,1,-28857.0,-31598.989323203758,2741.9893232037575,33381,2262,31119,13.757294429708223,False
severe_delay_120,validation_2022,2022,whole_year,5%,0.05,2,-26595.0,-30707.983984805636,4112.983984805636,33381,2262,31119,13.757294429708223,False
severe_delay_120,validation_2022,2022,whole_year,5%,0.05,5,-19809.0,-28034.967969611273,8225.967969611273,33381,2262,31119,13.757294429708223,False
severe_delay_120,validation_2022,2022,whole_year,5%,0.05,10,-8499.0,-23579.941277620666,15080.941277620666,33381,2262,31119,13.757294429708223,False
severe_delay_120,validation_2022,2022,whole_year,5%,0.05,20,14121.0,-14669.887893639458,28790.887893639458,33381,2262,31119,13.757294429708223,True
severe_delay_120,validation_2022,2022,whole_year,5%,0.05,50,81981.0,12060.272258304169,69920.72774169582,33381,2262,31119,13.757294429708223,True
severe_delay_120,validation_2022,2022,whole_year,5%,0.05,100,195081.0,56610.539178210216,138470.46082178978,33381,2262,31119,13.757294429708223,True
severe_delay_120,validation_2022,2022,whole_year,10%,0.1,1,-58952.0,-63197.978646407515,4245.978646407515,66762,3905,62857,16.096542893725992,False
severe_delay_120,validation_2022,2022,whole_year,10%,0.1,2,-55047.0,-61415.96796961127,6368.967969611273,66762,3905,62857,16.096542893725992,False
severe_delay_120,validation_2022,2022,whole_year,10%,0.1,5,-43332.0,-56069.935939222545,12737.935939222545,66762,3905,62857,16.096542893725992,False
severe_delay_120,validation_2022,2022,whole_year,10%,0.1,10,-23807.0,-47159.88255524133,23352.882555241333,66762,3905,62857,16.096542893725992,False
severe_delay_120,validation_2022,2022,whole_year,10%,0.1,20,15243.0,-29339.775787278915,44582.775787278915,66762,3905,62857,16.096542893725992,True
severe_delay_120,validation_2022,2022,whole_year,10%,0.1,50,132393.0,24120.544516608337,108272.45548339166,66762,3905,62857,16.096542893725992,True
severe_delay_120,validation_2022,2022,whole_year,10%,0.1,100,327643.0,113221.07835642043,214421.92164357955,66762,3905,62857,16.096542893725992,True
severe_delay_120,validation_2022,2022,by_month,0.5%,0.005,1,-2798.0,-3165.4839668312325,367.48396683123246,3344,273,3071,11.249084249084248,False
severe_delay_120,validation_2022,2022,by_month,0.5%,0.005,2,-2525.0,-3076.2259502468487,551.2259502468487,3344,273,3071,11.249084249084248,False
severe_delay_120,validation_2022,2022,by_month,0.5%,0.005,5,-1706.0,-2808.451900493697,1102.451900493697,3344,273,3071,11.249084249084248,False
severe_delay_120,validation_2022,2022,by_month,0.5%,0.005,10,-341.0,-2362.1618175717776,2021.1618175717776,3344,273,3071,11.249084249084248,False
severe_delay_120,validation_2022,2022,by_month,0.5%,0.005,20,2389.0,-1469.5816517279395,3858.5816517279395,3344,273,3071,11.249084249084248,True
severe_delay_120,validation_2022,2022,by_month,0.5%,0.005,50,10579.0,1208.1588458035758,9370.841154196423,3344,273,3071,11.249084249084248,True
severe_delay_120,validation_2022,2022,by_month,0.5%,0.005,100,24229.0,5671.059675022768,18557.940324977233,3344,273,3071,11.249084249084248,True
severe_delay_120,validation_2022,2022,by_month,1%,0.01,1,-5673.0,-6326.234853568518,653.2348535685178,6683,505,6178,12.233663366336634,False
severe_delay_120,validation_2022,2022,by_month,1%,0.01,2,-5168.0,-6147.852280352778,979.8522803527776,6683,505,6178,12.233663366336634,False
severe_delay_120,validation_2022,2022,by_month,1%,0.01,5,-3653.0,-5612.704560705555,1959.7045607055552,6683,505,6178,12.233663366336634,False
severe_delay_120,validation_2022,2022,by_month,1%,0.01,10,-1128.0,-4720.791694626851,3592.7916946268506,6683,505,6178,12.233663366336634,False
severe_delay_120,validation_2022,2022,by_month,1%,0.01,20,3922.0,-2936.965962469443,6858.965962469443,6683,505,6178,12.233663366336634,True
severe_delay_120,validation_2022,2022,by_month,1%,0.01,50,19072.0,2414.51123400278,16657.48876599722,6683,505,6178,12.233663366336634,True
severe_delay_120,validation_2022,2022,by_month,1%,0.01,100,44322.0,11333.63989478982,32988.36010521018,6683,505,6178,12.233663366336634,True
severe_delay_120,validation_2022,2022,by_month,5%,0.05,1,-29119.0,-31604.66901931649,2485.6690193164904,33387,2134,31253,14.64526710402999,False
severe_delay_120,validation_2022,2022,by_month,5%,0.05,2,-26985.0,-30713.50352897474,3728.5035289747393,33387,2134,31253,14.64526710402999,False
severe_delay_120,validation_2022,2022,by_month,5%,0.05,5,-20583.0,-28040.00705794948,7457.007057949479,33387,2134,31253,14.64526710402999,False
severe_delay_120,validation_2022,2022,by_month,5%,0.05,10,-9913.0,-23584.179606240712,13671.179606240712,33387,2134,31253,14.64526710402999,False
severe_delay_120,validation_2022,2022,by_month,5%,0.05,20,11427.0,-14672.524702823179,26099.52470282318,33387,2134,31253,14.64526710402999,True
severe_delay_120,validation_2022,2022,by_month,5%,0.05,50,75447.0,12062.44000742942,63384.559992570576,33387,2134,31253,14.64526710402999,True
severe_delay_120,validation_2022,2022,by_month,5%,0.05,100,182147.0,56620.71452451708,125526.28547548292,33387,2134,31253,14.64526710402999,True
severe_delay_120,validation_2022,2022,by_month,10%,0.1,1,-59223.0,-63202.71172650147,3979.7117265014676,66767,3772,62995,16.70068928950159,False
severe_delay_120,validation_2022,2022,by_month,10%,0.1,2,-55451.0,-61420.567589752194,5969.567589752194,66767,3772,62995,16.70068928950159,False
severe_delay_120,validation_2022,2022,by_month,10%,0.1,5,-44135.0,-56074.13517950439,11939.135179504388,66767,3772,62995,16.70068928950159,False
severe_delay_120,validation_2022,2022,by_month,10%,0.1,10,-25275.0,-47163.41449575804,21888.414495758043,66767,3772,62995,16.70068928950159,False
severe_delay_120,validation_2022,2022,by_month,10%,0.1,20,12445.0,-29341.973128265352,41786.97312826535,66767,3772,62995,16.70068928950159,True
severe_delay_120,validation_2022,2022,by_month,10%,0.1,50,125605.0,24122.350974212706,101482.6490257873,66767,3772,62995,16.70068928950159,True
severe_delay_120,validation_2022,2022,by_month,10%,0.1,100,314205.0,113229.55781167615,200975.44218832385,66767,3772,62995,16.70068928950159,True
severe_delay_120,validation_2022,2022,by_day,0.5%,0.005,1,-2923.0,-3329.2485380817716,406.2485380817716,3517,297,3220,10.841750841750843,False
severe_delay_120,validation_2022,2022,by_day,0.5%,0.005,2,-2626.0,-3235.3728071226574,609.3728071226574,3517,297,3220,10.841750841750843,False
severe_delay_120,validation_2022,2022,by_day,0.5%,0.005,5,-1735.0,-2953.7456142453148,1218.7456142453148,3517,297,3220,10.841750841750843,False
severe_delay_120,validation_2022,2022,by_day,0.5%,0.005,10,-250.0,-2484.3669594497437,2234.3669594497437,3517,297,3220,10.841750841750843,False
severe_delay_120,validation_2022,2022,by_day,0.5%,0.005,20,2720.0,-1545.6096498586014,4265.609649858601,3517,297,3220,10.841750841750843,True
severe_delay_120,validation_2022,2022,by_day,0.5%,0.005,50,11630.0,1270.6622789148255,10359.337721085174,3517,297,3220,10.841750841750843,True
severe_delay_120,validation_2022,2022,by_day,0.5%,0.005,100,26480.0,5964.448826870537,20515.55117312946,3517,297,3220,10.841750841750843,True
severe_delay_120,validation_2022,2022,by_day,1%,0.01,1,-5771.0,-6490.946040837847,719.9460408378472,6857,543,6314,11.627992633517495,False
severe_delay_120,validation_2022,2022,by_day,1%,0.01,2,-5228.0,-6307.919061256771,1079.9190612567709,6857,543,6314,11.627992633517495,False
severe_delay_120,validation_2022,2022,by_day,1%,0.01,5,-3599.0,-5758.838122513541,2159.838122513541,6857,543,6314,11.627992633517495,False
severe_delay_120,validation_2022,2022,by_day,1%,0.01,10,-884.0,-4843.703224608158,3959.703224608158,6857,543,6314,11.627992633517495,False
severe_delay_120,validation_2022,2022,by_day,1%,0.01,20,4546.0,-3013.4334287973925,7559.4334287973925,6857,543,6314,11.627992633517495,True
severe_delay_120,validation_2022,2022,by_day,1%,0.01,50,20836.0,2477.3759586349042,18358.624041365096,6857,543,6314,11.627992633517495,True
severe_delay_120,validation_2022,2022,by_day,1%,0.01,100,47986.0,11628.724937688732,36357.275062311266,6857,543,6314,11.627992633517495,True
severe_delay_120,validation_2022,2022,by_day,5%,0.05,1,-29150.0,-31760.860662416715,2610.860662416715,33552,2201,31351,14.243980009086778,False
severe_delay_120,validation_2022,2022,by_day,5%,0.05,2,-26949.0,-30865.290993625076,3916.290993625076,33552,2201,31351,14.243980009086778,False
severe_delay_120,validation_2022,2022,by_day,5%,0.05,5,-20346.0,-28178.581987250152,7832.581987250152,33552,2201,31351,14.243980009086778,False
severe_delay_120,validation_2022,2022,by_day,5%,0.05,10,-9341.0,-23700.73364329195,14359.733643291951,33552,2201,31351,14.243980009086778,False
severe_delay_120,validation_2022,2022,by_day,5%,0.05,20,12669.0,-14745.036955375544,27414.036955375544,33552,2201,31351,14.243980009086778,True
severe_delay_120,validation_2022,2022,by_day,5%,0.05,50,78699.0,12122.053108373679,66576.94689162631,33552,2201,31351,14.243980009086778,True
severe_delay_120,validation_2022,2022,by_day,5%,0.05,100,188749.0,56900.536547955715,131848.4634520443,33552,2201,31351,14.243980009086778,True
severe_delay_120,validation_2022,2022,by_day,10%,0.1,1,-59321.0,-63354.17028950775,4033.170289507747,66927,3803,63124,16.59847488824612,False
severe_delay_120,validation_2022,2022,by_day,10%,0.1,2,-55518.0,-61567.75543426161,6049.755434261613,66927,3803,63124,16.59847488824612,False
severe_delay_120,validation_2022,2022,by_day,10%,0.1,5,-44109.0,-56208.510868523226,12099.510868523226,66927,3803,63124,16.59847488824612,False
severe_delay_120,validation_2022,2022,by_day,10%,0.1,10,-25094.0,-47276.43659229258,22182.43659229258,66927,3803,63124,16.59847488824612,False
severe_delay_120,validation_2022,2022,by_day,10%,0.1,20,12936.0,-29412.288039831285,42348.288039831285,66927,3803,63124,16.59847488824612,True
severe_delay_120,validation_2022,2022,by_day,10%,0.1,50,127026.0,24180.1576175526,102845.8423824474,66927,3803,63124,16.59847488824612,True
severe_delay_120,validation_2022,2022,by_day,10%,0.1,100,317176.0,113500.90037985907,203675.0996201409,66927,3803,63124,16.59847488824612,True
severe_delay_120,final_2023,2023,whole_year,0.5%,0.005,1,-1723.0,-2128.1003954552352,405.10039545523523,2273,275,1998,7.265454545454546,False
severe_delay_120,final_2023,2023,whole_year,0.5%,0.005,2,-1448.0,-2055.6505931828533,607.6505931828533,2273,275,1998,7.265454545454546,False
severe_delay_120,final_2023,2023,whole_year,0.5%,0.005,5,-623.0,-1838.3011863657068,1215.3011863657068,2273,275,1998,7.265454545454546,False
severe_delay_120,final_2023,2023,whole_year,0.5%,0.005,10,752.0,-1476.052175003796,2228.052175003796,2273,275,1998,7.265454545454546,True
severe_delay_120,final_2023,2023,whole_year,0.5%,0.005,20,3502.0,-751.5541522799742,4253.554152279974,2273,275,1998,7.265454545454546,True
severe_delay_120,final_2023,2023,whole_year,0.5%,0.005,50,11752.0,1421.9399158914912,10330.060084108509,2273,275,1998,7.265454545454546,True
severe_delay_120,final_2023,2023,whole_year,0.5%,0.005,100,25502.0,5044.4300295106,20457.5699704894,2273,275,1998,7.265454545454546,True
severe_delay_120,final_2023,2023,whole_year,1%,0.01,1,-3593.0,-4255.264539086689,662.2645390866892,4545,476,4069,8.548319327731093,False
severe_delay_120,final_2023,2023,whole_year,1%,0.01,2,-3117.0,-4110.396808630035,993.3968086300347,4545,476,4069,8.548319327731093,False
severe_delay_120,final_2023,2023,whole_year,1%,0.01,5,-1689.0,-3675.7936172600694,1986.7936172600694,4545,476,4069,8.548319327731093,False
severe_delay_120,final_2023,2023,whole_year,1%,0.01,10,691.0,-2951.454964976794,3642.454964976794,4545,476,4069,8.548319327731093,True
severe_delay_120,final_2023,2023,whole_year,1%,0.01,20,5451.0,-1502.7776604102432,6953.777660410244,4545,476,4069,8.548319327731093,True
severe_delay_120,final_2023,2023,whole_year,1%,0.01,50,19731.0,2843.2542532894086,16887.745746710592,4545,476,4069,8.548319327731093,True
severe_delay_120,final_2023,2023,whole_year,1%,0.01,100,43531.0,10086.640776122162,33444.35922387784,4545,476,4069,8.548319327731093,True
severe_delay_120,final_2023,2023,whole_year,5%,0.05,1,-19037.0,-21272.57768813832,2235.577688138321,22721,1842,20879,11.334961997828447,False
severe_delay_120,final_2023,2023,whole_year,5%,0.05,2,-17195.0,-20548.366532207485,3353.366532207485,22721,1842,20879,11.334961997828447,False
severe_delay_120,final_2023,2023,whole_year,5%,0.05,5,-11669.0,-18375.73306441497,6706.73306441497,22721,1842,20879,11.334961997828447,False
severe_delay_120,final_2023,2023,whole_year,5%,0.05,10,-2459.0,-14754.677284760779,12295.677284760779,22721,1842,20879,11.334961997828447,False
severe_delay_120,final_2023,2023,whole_year,5%,0.05,20,15961.0,-7512.565725452396,23473.565725452398,22721,1842,20879,11.334961997828447,True
severe_delay_120,final_2023,2023,whole_year,5%,0.05,50,71221.0,14213.768952472754,57007.231047527246,22721,1842,20879,11.334961997828447,True
severe_delay_120,final_2023,2023,whole_year,5%,0.05,100,163321.0,50424.32674901467,112896.67325098533,22721,1842,20879,11.334961997828447,True
severe_delay_120,final_2023,2023,whole_year,10%,0.1,1,-38806.0,-42545.15537627664,3739.1553762766416,45442,3318,42124,12.695599758890898,False
severe_delay_120,final_2023,2023,whole_year,10%,0.1,2,-35488.0,-41096.73306441497,5608.73306441497,45442,3318,42124,12.695599758890898,False
severe_delay_120,final_2023,2023,whole_year,10%,0.1,5,-25534.0,-36751.46612882994,11217.46612882994,45442,3318,42124,12.695599758890898,False
severe_delay_120,final_2023,2023,whole_year,10%,0.1,10,-8944.0,-29509.354569521558,20565.354569521558,45442,3318,42124,12.695599758890898,False
severe_delay_120,final_2023,2023,whole_year,10%,0.1,20,24236.0,-15025.131450904792,39261.131450904795,45442,3318,42124,12.695599758890898,True
severe_delay_120,final_2023,2023,whole_year,10%,0.1,50,123776.0,28427.537904945508,95348.46209505449,45442,3318,42124,12.695599758890898,True
severe_delay_120,final_2023,2023,whole_year,10%,0.1,100,289676.0,100848.65349802934,188827.34650197066,45442,3318,42124,12.695599758890898,True
severe_delay_120,final_2023,2023,by_month,0.5%,0.005,1,-1894.0,-2129.0366472790174,235.03664727901742,2274,190,2084,10.968421052631578,False
severe_delay_120,final_2023,2023,by_month,0.5%,0.005,2,-1704.0,-2056.5549709185257,352.55497091852567,2274,190,2084,10.968421052631578,False
severe_delay_120,final_2023,2023,by_month,0.5%,0.005,5,-1134.0,-1839.1099418370513,705.1099418370513,2274,190,2084,10.968421052631578,False
severe_delay_120,final_2023,2023,by_month,0.5%,0.005,10,-184.0,-1476.7015600345942,1292.7015600345942,2274,190,2084,10.968421052631578,False
severe_delay_120,final_2023,2023,by_month,0.5%,0.005,20,1716.0,-751.8847964296797,2467.8847964296797,2274,190,2084,10.968421052631578,True
severe_delay_120,final_2023,2023,by_month,0.5%,0.005,50,7416.0,1422.5654943850636,5993.434505614936,2274,190,2084,10.968421052631578,True
severe_delay_120,final_2023,2023,by_month,0.5%,0.005,100,16916.0,5046.649312409636,11869.350687590364,2274,190,2084,10.968421052631578,True
severe_delay_120,final_2023,2023,by_month,1%,0.01,1,-3803.0,-4257.137042734254,454.13704273425355,4547,372,4175,11.223118279569892,False
severe_delay_120,final_2023,2023,by_month,1%,0.01,2,-3431.0,-4112.205564101379,681.2055641013794,4547,372,4175,11.223118279569892,False
severe_delay_120,final_2023,2023,by_month,1%,0.01,5,-2315.0,-3677.411128202759,1362.4111282027588,4547,372,4175,11.223118279569892,False
severe_delay_120,final_2023,2023,by_month,1%,0.01,10,-455.0,-2952.7537350383905,2497.7537350383905,4547,372,4175,11.223118279569892,False
severe_delay_120,final_2023,2023,by_month,1%,0.01,20,3265.0,-1503.4389487096541,4768.438948709654,4547,372,4175,11.223118279569892,True
severe_delay_120,final_2023,2023,by_month,1%,0.01,50,14425.0,2844.5054102765544,11580.494589723447,4547,372,4175,11.223118279569892,True
severe_delay_120,final_2023,2023,by_month,1%,0.01,100,33025.0,10091.079341920235,22933.920658079765,4547,372,4175,11.223118279569892,True
severe_delay_120,final_2023,2023,by_month,5%,0.05,1,-19536.0,-21275.38644360967,1739.38644360967,22724,1594,21130,13.255959849435383,False
severe_delay_120,final_2023,2023,by_month,5%,0.05,2,-17942.0,-20551.0796654145,2609.0796654145015,22724,1594,21130,13.255959849435383,False
severe_delay_120,final_2023,2023,by_month,5%,0.05,5,-13160.0,-18378.159330829003,5218.159330829003,22724,1594,21130,13.255959849435383,False
severe_delay_120,final_2023,2023,by_month,5%,0.05,10,-5190.0,-14756.625439853175,9566.625439853175,22724,1594,21130,13.255959849435383,False
severe_delay_120,final_2023,2023,by_month,5%,0.05,20,10750.0,-7513.557657901514,18263.557657901514,22724,1594,21130,13.255959849435383,True
severe_delay_120,final_2023,2023,by_month,5%,0.05,50,58570.0,14215.64568795347,44354.35431204653,22724,1594,21130,13.255959849435383,True
severe_delay_120,final_2023,2023,by_month,5%,0.05,100,138270.0,50430.98459771178,87839.01540228822,22724,1594,21130,13.255959849435383,True
severe_delay_120,final_2023,2023,by_month,10%,0.1,1,-39435.0,-42547.964131748,3112.964131747998,45445,3005,42440,14.123128119800333,False
severe_delay_120,final_2023,2023,by_month,10%,0.1,2,-36430.0,-41099.44619762199,4669.44619762199,45445,3005,42440,14.123128119800333,False
severe_delay_120,final_2023,2023,by_month,10%,0.1,5,-27415.0,-36753.89239524398,9338.89239524398,45445,3005,42440,14.123128119800333,False
severe_delay_120,final_2023,2023,by_month,10%,0.1,10,-12390.0,-29511.302724613954,17121.302724613954,45445,3005,42440,14.123128119800333,False
severe_delay_120,final_2023,2023,by_month,10%,0.1,20,17660.0,-15026.123383353912,32686.12338335391,45445,3005,42440,14.123128119800333,True
severe_delay_120,final_2023,2023,by_month,10%,0.1,50,107810.0,28429.41464042622,79380.58535957377,45445,3005,42440,14.123128119800333,True
severe_delay_120,final_2023,2023,by_month,10%,0.1,100,258060.0,100855.31134672643,157204.68865327357,45445,3005,42440,14.123128119800333,True
severe_delay_120,final_2023,2023,by_day,0.5%,0.005,1,-1962.0,-2233.8968515425395,271.8968515425395,2386,212,2174,10.254716981132075,False
severe_delay_120,final_2023,2023,by_day,0.5%,0.005,2,-1750.0,-2157.845277313809,407.8452773138092,2386,212,2174,10.254716981132075,False
severe_delay_120,final_2023,2023,by_day,0.5%,0.005,5,-1114.0,-1929.6905546276184,815.6905546276184,2386,212,2174,10.254716981132075,False
severe_delay_120,final_2023,2023,by_day,0.5%,0.005,10,-54.0,-1549.4326834839671,1495.4326834839671,2386,212,2174,10.254716981132075,False
severe_delay_120,final_2023,2023,by_day,0.5%,0.005,20,2066.0,-788.9169411966648,2854.916941196665,2386,212,2174,10.254716981132075,True
severe_delay_120,final_2023,2023,by_day,0.5%,0.005,50,8426.0,1492.6302856652424,6933.369714334758,2386,212,2174,10.254716981132075,True
severe_delay_120,final_2023,2023,by_day,0.5%,0.005,100,19026.0,5295.208997101754,13730.791002898246,2386,212,2174,10.254716981132075,True
severe_delay_120,final_2023,2023,by_day,1%,0.01,1,-3844.0,-4370.423513411808,526.423513411808,4668,412,4256,10.330097087378642,False
severe_delay_120,final_2023,2023,by_day,1%,0.01,2,-3432.0,-4221.635270117712,789.635270117712,4668,412,4256,10.330097087378642,False
severe_delay_120,final_2023,2023,by_day,1%,0.01,5,-2196.0,-3775.2705402354245,1579.2705402354245,4668,412,4256,10.330097087378642,False
severe_delay_120,final_2023,2023,by_day,1%,0.01,10,-136.0,-3031.329323764945,2895.329323764945,4668,412,4256,10.330097087378642,False
severe_delay_120,final_2023,2023,by_day,1%,0.01,20,3984.0,-1543.446890823986,5527.446890823986,4668,412,4256,10.330097087378642,True
severe_delay_120,final_2023,2023,by_day,1%,0.01,50,16344.0,2920.200407998891,13423.799592001109,4668,412,4256,10.330097087378642,True
severe_delay_120,final_2023,2023,by_day,1%,0.01,100,36944.0,10359.612572703685,26584.387427296315,4668,412,4256,10.330097087378642,True
severe_delay_120,final_2023,2023,by_day,5%,0.05,1,-19465.0,-21381.18289969697,1916.1828996969707,22837,1686,21151,12.545077105575325,False
severe_delay_120,final_2023,2023,by_day,5%,0.05,2,-17779.0,-20653.274349545456,2874.274349545456,22837,1686,21151,12.545077105575325,False
severe_delay_120,final_2023,2023,by_day,5%,0.05,5,-12721.0,-18469.548699090916,5748.548699090916,22837,1686,21151,12.545077105575325,False
severe_delay_120,final_2023,2023,by_day,5%,0.05,10,-4291.0,-14830.005948333343,10539.005948333343,22837,1686,21151,12.545077105575325,False
severe_delay_120,final_2023,2023,by_day,5%,0.05,20,12569.0,-7550.9204468182015,20119.9204468182,22837,1686,21151,12.545077105575325,True
severe_delay_120,final_2023,2023,by_day,5%,0.05,50,63149.0,14286.336057727225,48862.663942272775,22837,1686,21151,12.545077105575325,True
severe_delay_120,final_2023,2023,by_day,5%,0.05,100,147449.0,50681.763565302936,96767.23643469706,22837,1686,21151,12.545077105575325,True
severe_delay_120,final_2023,2023,by_day,10%,0.1,1,-39473.0,-42643.4618177737,3170.4618177736993,45547,3037,42510,13.997365821534409,False
severe_delay_120,final_2023,2023,by_day,10%,0.1,2,-36436.0,-41191.69272666055,4755.692726660549,45547,3037,42510,13.997365821534409,False
severe_delay_120,final_2023,2023,by_day,10%,0.1,5,-27325.0,-36836.3854533211,9511.385453321098,45547,3037,42510,13.997365821534409,False
severe_delay_120,final_2023,2023,by_day,10%,0.1,10,-12140.0,-29577.539997755346,17437.539997755346,45547,3037,42510,13.997365821534409,False
severe_delay_120,final_2023,2023,by_day,10%,0.1,20,18230.0,-15059.849086623843,33289.84908662384,45547,3037,42510,13.997365821534409,True
severe_delay_120,final_2023,2023,by_day,10%,0.1,50,109340.0,28493.223646770668,80846.77635322933,45547,3037,42510,13.997365821534409,True
severe_delay_120,final_2023,2023,by_day,10%,0.1,100,261190.0,101081.67820242819,160108.3217975718,45547,3037,42510,13.997365821534409,True
