feature,direction,level,rows,mean_shap
origin_airport,highest,EWR,6393,0.30954079801601797
origin_airport,highest,LGA,8422,0.291159133621405
origin_airport,highest,HPN,680,0.2491965612530987
origin_airport,highest,BHM,695,0.17667215292151695
origin_airport,highest,JFK,6856,0.17197422327385636
origin_airport,highest,BOS,7097,0.1716770523141058
origin_airport,highest,XNA,537,0.15768916981917705
origin_airport,highest,ORD,13100,0.12806780723204048
origin_airport,highest,MCO,7283,0.12565784678017472
origin_airport,highest,OKC,1117,0.11685948926115851
origin_airport,lowest,PDX,3059,-0.23559134367103032
origin_airport,lowest,SLC,5495,-0.23411365066601206
origin_airport,lowest,SJC,2959,-0.1908115868928852
origin_airport,lowest,PHX,8293,-0.1541420199147148
origin_airport,lowest,ATL,16274,-0.14755381436581688
origin_airport,lowest,CLT,9544,-0.1442509650157545
origin_airport,lowest,SEA,9103,-0.14300576946678378
origin_airport,lowest,SNA,2328,-0.134589817906624
origin_airport,lowest,LAX,9786,-0.13336808255233423
origin_airport,lowest,HNL,2938,-0.11326407506383306
destination_airport,highest,EWR,6369,0.44791079495512964
destination_airport,highest,LGA,8152,0.43838787835617726
destination_airport,highest,ORD,13500,0.322675379667485
destination_airport,highest,SFO,6735,0.3119888083582089
destination_airport,highest,BOS,7117,0.23884682697700463
destination_airport,highest,JFK,6860,0.23154610857934035
destination_airport,highest,DFW,14005,0.2277174394758797
destination_airport,highest,HPN,665,0.10454294104967732
destination_airport,highest,COS,632,0.09501406317475476
destination_airport,highest,MCO,7239,0.0473349198402683
destination_airport,lowest,SNA,2372,-0.3099997324775565
destination_airport,lowest,SAN,4758,-0.2563219351735833
destination_airport,lowest,PDX,3070,-0.2123426640672726
destination_airport,lowest,SJC,2895,-0.19314203572502656
destination_airport,lowest,SEA,9149,-0.17929678958618064
destination_airport,lowest,GEG,1088,-0.16789007574790818
destination_airport,lowest,BDL,1169,-0.15882951484924915
destination_airport,lowest,HNL,2979,-0.15844384132561978
destination_airport,lowest,ANC,1051,-0.1473665348104163
destination_airport,lowest,KOA,873,-0.1471758741612756
route,highest,ORD-LGA,550,0.16578836893880047
route,highest,LGA-ORD,583,0.1614867658853108
route,highest,LAX-SFO,600,0.1232570044394792
route,highest,SFO-LAX,592,0.07640757470158385
route,highest,DCA-BOS,533,0.001949943457469352
route,highest,unseen,3367,-0.024639978840385282
route,highest,LAS-LAX,542,-0.025988235177723328
route,highest,LAX-JFK,509,-0.041737406076523806
route,highest,BOS-DCA,527,-0.055699170749689816
route,highest,HNL-OGG,594,-0.11081121324121178
route,lowest,LAX-LAS,554,-0.23394622189182362
route,lowest,OGG-HNL,636,-0.12083839138995059
route,lowest,HNL-OGG,594,-0.11081121324121178
route,lowest,BOS-DCA,527,-0.055699170749689816
route,lowest,LAX-JFK,509,-0.041737406076523806
route,lowest,LAS-LAX,542,-0.025988235177723328
route,lowest,unseen,3367,-0.024639978840385282
route,lowest,DCA-BOS,533,0.001949943457469352
route,lowest,SFO-LAX,592,0.07640757470158385
route,lowest,LAX-SFO,600,0.1232570044394792
carrier_identifier,highest,DOT_20378,5246,0.40771245145098783
carrier_identifier,highest,DOT_20368,5615,0.395756355426645
carrier_identifier,highest,DOT_20436,8188,0.3740070626038946
carrier_identifier,highest,DOT_20409,13783,0.36124817707283463
carrier_identifier,highest,DOT_20397,9877,0.2967584449461818
carrier_identifier,highest,DOT_20304,36256,0.2957502877367308
carrier_identifier,highest,DOT_19977,33481,0.11077694814906851
carrier_identifier,highest,DOT_19805,45066,0.05322406377437409
carrier_identifier,highest,DOT_20416,12198,0.05091796106779396
carrier_identifier,highest,DOT_19687,4213,0.04154690044339114
carrier_identifier,lowest,DOT_19393,68214,-0.36331020955715876
carrier_identifier,lowest,DOT_19690,3995,-0.36230822962625364
carrier_identifier,lowest,DOT_19930,11755,-0.2536646488310583
carrier_identifier,lowest,DOT_19790,46354,-0.18302303050427066
carrier_identifier,lowest,DOT_20452,14320,-0.07718105300968553
carrier_identifier,lowest,DOT_20398,11982,-0.059777903178374836
carrier_identifier,lowest,DOT_20363,10689,-0.005221807371131947
carrier_identifier,lowest,DOT_19687,4213,0.04154690044339114
carrier_identifier,lowest,DOT_20416,12198,0.05091796106779396
carrier_identifier,lowest,DOT_19805,45066,0.05322406377437409
