comparison,challenger,reference,period,brier_reference,brier_challenger,difference,ci_low,ci_high,share_challenger_better,n_boot,n_days
A: calibrator vs uncalibrated,platt,uncalibrated,2022 second half (confirmation),0.025222482517073878,0.02518234755459973,-4.013496247414622e-05,-7.686965173552616e-05,-6.235122077667729e-06,0.992,1000,184
A: calibrator vs uncalibrated,platt,uncalibrated,2022 first half (selection),0.026464299998388213,0.02640722536831485,-5.707463007336225e-05,-9.147585096064773e-05,-2.3412795824457043e-05,1.0,1000,181
A: calibrator vs uncalibrated,platt,uncalibrated,2022 full year,0.0258295820425815,0.025781165618204555,-4.841642437694582e-05,-7.407653939091607e-05,-2.3361259674937957e-05,1.0,1000,365
A: calibrator vs uncalibrated,isotonic,uncalibrated,2022 second half (confirmation),0.025222482517073878,0.025192365907435673,-3.0116609638204672e-05,-6.796553901931508e-05,5.276465090917336e-06,0.946,1000,184
A: calibrator vs uncalibrated,isotonic,uncalibrated,2022 first half (selection),0.026464299998388213,0.026420926573913293,-4.337342447491982e-05,-7.80062906685504e-05,-5.792522696004796e-06,0.995,1000,181
A: calibrator vs uncalibrated,isotonic,uncalibrated,2022 full year,0.0258295820425815,0.025792984443491776,-3.659759908972507e-05,-6.343554241498225e-05,-9.695693449925084e-06,0.996,1000,365
A: isotonic vs Platt,isotonic,platt,2022 second half (confirmation),0.02518234755459973,0.025192365907435673,1.0018352835941546e-05,2.327651223691377e-06,1.8054269536904325e-05,0.006,1000,184
B vs A (recent rows vs older rows),"platt, fitted on 2022 H1","platt, fitted on 2021 H2",2022 second half (confirmation),0.02518234755459973,0.025180447454240504,-1.9001003592269972e-06,-1.4422669699449628e-05,9.691416066768677e-06,0.602,1000,184
B vs A (recent rows vs older rows),"isotonic, fitted on 2022 H1","isotonic, fitted on 2021 H2",2022 second half (confirmation),0.025192365907435673,0.025182984369911003,-9.381537524669886e-06,-2.427412621770206e-05,4.571913549025064e-06,0.907,1000,184
