feature,bin,value_low,value_high,rows,mean_shap
scheduled_departure_month,1,6.0,8.0,68247,0.1866184362212835
scheduled_departure_month,2,8.0,9.0,68246,0.08149625029606505
scheduled_departure_month,3,9.0,10.0,68246,-0.14750898096077653
scheduled_departure_month,4,10.0,11.0,68246,-0.15047079382611211
scheduled_departure_month,5,11.0,12.0,68247,-0.07864785395768743
scheduled_departure_day_of_week,1,0.0,1.0,68247,0.002540239138588671
scheduled_departure_day_of_week,2,1.0,2.0,68246,0.0005540190129281138
scheduled_departure_day_of_week,3,2.0,4.0,68246,0.0012044962638712413
scheduled_departure_day_of_week,4,4.0,5.0,68246,-0.00046951582499544657
scheduled_departure_day_of_week,5,5.0,6.0,68247,-0.0037813983542627117
scheduled_departure_hour_local,1,0.0,8.0,68247,-0.2085408224924491
scheduled_departure_hour_local,2,8.0,11.0,68246,-0.1610187132193121
scheduled_departure_hour_local,3,11.0,15.0,68246,0.051070951764989644
scheduled_departure_hour_local,4,15.0,18.0,68246,0.15752655754093187
scheduled_departure_hour_local,5,18.0,23.0,68247,0.16183775546689455
scheduled_departure_minute_local,1,0.0,7.0,68247,0.0
scheduled_departure_minute_local,2,7.0,20.0,68246,0.0
scheduled_departure_minute_local,3,20.0,32.0,68246,0.0
scheduled_departure_minute_local,4,32.0,45.0,68246,0.0
scheduled_departure_minute_local,5,45.0,59.0,68247,0.0
scheduled_arrival_hour_local,1,0.0,10.0,68247,-0.09858727233734682
scheduled_arrival_hour_local,2,10.0,13.0,68246,-0.09741415972669758
scheduled_arrival_hour_local,3,13.0,16.0,68246,-0.04030189039787716
scheduled_arrival_hour_local,4,16.0,20.0,68246,0.11258234970027514
scheduled_arrival_hour_local,5,20.0,23.0,68247,0.12254092555355947
scheduled_arrival_minute_local,1,0.0,11.0,68247,0.0
scheduled_arrival_minute_local,2,11.0,24.0,68246,0.0
scheduled_arrival_minute_local,3,24.0,35.0,68246,0.0
scheduled_arrival_minute_local,4,35.0,48.0,68246,0.0
scheduled_arrival_minute_local,5,48.0,59.0,68247,0.0
scheduled_elapsed_time_minutes,1,23.0,84.0,68247,0.0
scheduled_elapsed_time_minutes,2,84.0,110.0,68246,0.0
scheduled_elapsed_time_minutes,3,110.0,142.0,68246,0.0
scheduled_elapsed_time_minutes,4,142.0,185.0,68246,0.0
scheduled_elapsed_time_minutes,5,185.0,685.0,68247,0.0
distance_miles,1,31.0,331.0,68247,0.0
distance_miles,2,331.0,547.0,68246,0.0
distance_miles,3,547.0,813.0,68246,0.0
distance_miles,4,813.0,1167.0,68246,0.0
distance_miles,5,1167.0,5095.0,68247,0.0
