experiment,method,period,bin,rows,events,mean_predicted,observed_rate
A,uncalibrated,2022 second half (confirmation),1,34124,327,0.007694339126266659,0.009582698394092135
A,uncalibrated,2022 second half (confirmation),2,34124,524,0.010254923074603225,0.015355761340991677
A,uncalibrated,2022 second half (confirmation),3,34123,518,0.012162573404691495,0.01518037687190458
A,uncalibrated,2022 second half (confirmation),4,34123,698,0.013595955730896484,0.020455411306157138
A,uncalibrated,2022 second half (confirmation),5,34123,725,0.015393884738259327,0.02124666647129502
A,uncalibrated,2022 second half (confirmation),6,34123,842,0.01763573988985656,0.024675438853559183
A,uncalibrated,2022 second half (confirmation),7,34123,906,0.02029993480433382,0.026551006652404535
A,uncalibrated,2022 second half (confirmation),8,34123,1097,0.023782344677338307,0.03214840430208364
A,uncalibrated,2022 second half (confirmation),9,34123,1297,0.029837296490445763,0.03800955367347537
A,uncalibrated,2022 second half (confirmation),10,34123,1953,0.04630077340585669,0.05723412361164024
A,uncalibrated,2022 full year,1,66762,597,0.007826184025544723,0.008942212635930619
A,uncalibrated,2022 full year,2,66762,976,0.010597823646116177,0.014619094694586741
A,uncalibrated,2022 full year,3,66762,1130,0.012548526910015746,0.01692579611156047
A,uncalibrated,2022 full year,4,66762,1425,0.014118378792978517,0.02134447739732183
A,uncalibrated,2022 full year,5,66762,1423,0.01588637223266547,0.02131452023606243
A,uncalibrated,2022 full year,6,66762,1625,0.01818739034201323,0.024340193523261736
A,uncalibrated,2022 full year,7,66761,1821,0.020858639913808246,0.027276403888497777
A,uncalibrated,2022 full year,8,66761,2254,0.02446135126219462,0.03376222644957385
A,uncalibrated,2022 full year,9,66761,2664,0.030368436334979404,0.03990353649585836
A,uncalibrated,2022 full year,10,66761,3905,0.04582376323554415,0.058492233489612196
A,platt,2022 second half (confirmation),1,34124,327,0.008753403572121768,0.009582698394092135
A,platt,2022 second half (confirmation),2,34124,524,0.01192455651680023,0.015355761340991677
A,platt,2022 second half (confirmation),3,34123,518,0.014325346038361012,0.01518037687190458
A,platt,2022 second half (confirmation),4,34123,698,0.01614889018375543,0.020455411306157138
A,platt,2022 second half (confirmation),5,34123,725,0.018455694340342697,0.02124666647129502
A,platt,2022 second half (confirmation),6,34123,842,0.02135846057968522,0.024675438853559183
A,platt,2022 second half (confirmation),7,34123,906,0.024840764656116125,0.026551006652404535
A,platt,2022 second half (confirmation),8,34123,1097,0.029438856943866887,0.03214840430208364
A,platt,2022 second half (confirmation),9,34123,1297,0.03753596184067236,0.03800955367347537
A,platt,2022 second half (confirmation),10,34123,1953,0.0600175771458935,0.05723412361164024
A,platt,2022 full year,1,66762,597,0.008915334111782818,0.008942212635930619
A,platt,2022 full year,2,66762,976,0.012354270996169033,0.014619094694586741
A,platt,2022 full year,3,66762,1130,0.014815033234609584,0.01692579611156047
A,platt,2022 full year,4,66762,1425,0.016816950709391605,0.02134447739732183
A,platt,2022 full year,5,66762,1423,0.019090952424378308,0.02131452023606243
A,platt,2022 full year,6,66762,1625,0.022076749909808537,0.024340193523261736
A,platt,2022 full year,7,66761,1821,0.025575031345480947,0.027276403888497777
A,platt,2022 full year,8,66761,2254,0.030340509652156802,0.03376222644957385
A,platt,2022 full year,9,66761,2664,0.03824961637802595,0.03990353649585836
A,platt,2022 full year,10,66761,3905,0.059358718758837636,0.058492233489612196
A,isotonic,2022 second half (confirmation),1,34124,331,0.007147812936843292,0.009699917946313445
A,isotonic,2022 second half (confirmation),2,34124,519,0.012861096794319932,0.01520923690071504
A,isotonic,2022 second half (confirmation),3,34123,511,0.015298905279745126,0.01497523664390587
A,isotonic,2022 second half (confirmation),4,34123,698,0.01616058750266459,0.020455411306157138
A,isotonic,2022 second half (confirmation),5,34123,637,0.018825004062115548,0.01866776074788266
A,isotonic,2022 second half (confirmation),6,34123,935,0.0203860796678355,0.027400873311256336
A,isotonic,2022 second half (confirmation),7,34123,895,0.025990801205803337,0.02622864343697799
A,isotonic,2022 second half (confirmation),8,34123,1029,0.029161398142814033,0.03015561351581045
A,isotonic,2022 second half (confirmation),9,34123,1364,0.03581414552387187,0.039973038712891595
A,isotonic,2022 second half (confirmation),10,34123,1968,0.061066731986537476,0.05767370981449462
A,isotonic,2022 full year,1,66762,579,0.007551330259984092,0.008672598184596028
A,isotonic,2022 full year,2,66762,982,0.01319150027371978,0.014708966178364938
A,isotonic,2022 full year,3,66762,1219,0.015745104398512604,0.018258889787603726
A,isotonic,2022 full year,4,66762,1337,0.01704368441947029,0.02002636230190827
A,isotonic,2022 full year,5,66762,1324,0.018825004062115548,0.019831640753722176
A,isotonic,2022 full year,6,66762,1706,0.02135932855439318,0.025553458554267397
A,isotonic,2022 full year,7,66761,1860,0.027015999552002637,0.02786057728314435
A,isotonic,2022 full year,8,66761,2155,0.029341690568075098,0.03227932475547101
A,isotonic,2022 full year,9,66761,2736,0.03678737894894199,0.040982010455205886
A,isotonic,2022 full year,10,66761,3922,0.060364071127089386,0.05874687317445814
A,uncalibrated,2022 Q1,1,15623,120,0.008012782129652255,0.007680983165845228
A,uncalibrated,2022 Q1,2,15623,254,0.010918991894713435,0.0162580810343724
A,uncalibrated,2022 Q1,3,15623,279,0.01286912337530602,0.017858285860590156
A,uncalibrated,2022 Q1,4,15622,323,0.014233330295234383,0.02067596978619895
A,uncalibrated,2022 Q1,5,15622,318,0.015695439292680184,0.020355908334400204
A,uncalibrated,2022 Q1,6,15622,355,0.017834735449982868,0.022724363077710922
A,uncalibrated,2022 Q1,7,15622,442,0.020337158180404227,0.02829343233900909
A,uncalibrated,2022 Q1,8,15622,519,0.023520713901827462,0.03322237869670977
A,uncalibrated,2022 Q1,9,15622,581,0.0280679671964423,0.03719114069901421
A,uncalibrated,2022 Q1,10,15622,800,0.0390883523791327,0.05120983228779926
A,uncalibrated,2022 Q2,1,17017,127,0.007973334390579604,0.007463125110183933
A,uncalibrated,2022 Q2,2,17016,256,0.01109002759986441,0.015044663845792195
A,uncalibrated,2022 Q2,3,17016,325,0.013299936895204877,0.019099670897978375
A,uncalibrated,2022 Q2,4,17016,371,0.015068373658936051,0.02180300893276916
A,uncalibrated,2022 Q2,5,17016,383,0.017145597823358148,0.022508227550540667
A,uncalibrated,2022 Q2,6,17016,395,0.01965359951135083,0.023213446168312175
A,uncalibrated,2022 Q2,7,17016,550,0.022616569912986845,0.03232251998119417
A,uncalibrated,2022 Q2,8,17016,594,0.026984336840279396,0.034908321579689705
A,uncalibrated,2022 Q2,9,17016,815,0.03382914290507267,0.047896097790315
A,uncalibrated,2022 Q2,10,17016,1126,0.04974629219970547,0.0661730136342266
A,uncalibrated,2022 Q3,1,17413,147,0.007813400527976425,0.008441968644116464
A,uncalibrated,2022 Q3,2,17413,212,0.010673639104561821,0.012174811922127146
A,uncalibrated,2022 Q3,3,17412,247,0.012773762414818429,0.014185619113255226
A,uncalibrated,2022 Q3,4,17412,330,0.014734498662110523,0.018952446588559616
A,uncalibrated,2022 Q3,5,17412,359,0.016926874240015096,0.0206179646220997
A,uncalibrated,2022 Q3,6,17412,413,0.019465200945122687,0.023719274063864003
A,uncalibrated,2022 Q3,7,17412,487,0.02251925948069346,0.027969216632207673
A,uncalibrated,2022 Q3,8,17412,557,0.027088004575357944,0.03198943257523547
A,uncalibrated,2022 Q3,9,17412,731,0.03526705581675545,0.04198254077647599
A,uncalibrated,2022 Q3,10,17412,1114,0.051924361738976875,0.06397886515047094
A,uncalibrated,2022 Q4,1,16711,177,0.007585263911727478,0.01059182574352223
A,uncalibrated,2022 Q4,2,16711,275,0.009932669430416206,0.016456226437675782
A,uncalibrated,2022 Q4,3,16711,283,0.011716978817108701,0.016934953024953625
A,uncalibrated,2022 Q4,4,16711,350,0.012880347312812818,0.02094428819340554
A,uncalibrated,2022 Q4,5,16711,390,0.014188150111685387,0.023337921129794745
A,uncalibrated,2022 Q4,6,16711,401,0.015953748168201106,0.02399617018730178
A,uncalibrated,2022 Q4,7,16711,478,0.018292310278186848,0.028603913589850996
A,uncalibrated,2022 Q4,8,16711,486,0.021138404913607026,0.029082640177128836
A,uncalibrated,2022 Q4,9,16711,613,0.02530485102361752,0.03668242475016456
A,uncalibrated,2022 Q4,10,16711,837,0.036804275356741106,0.05008676919394411
B,uncalibrated,2022 second half (confirmation),1,34124,327,0.007694339126266659,0.009582698394092135
B,uncalibrated,2022 second half (confirmation),2,34124,524,0.010254923074603225,0.015355761340991677
B,uncalibrated,2022 second half (confirmation),3,34123,518,0.012162573404691495,0.01518037687190458
B,uncalibrated,2022 second half (confirmation),4,34123,698,0.013595955730896484,0.020455411306157138
B,uncalibrated,2022 second half (confirmation),5,34123,725,0.015393884738259327,0.02124666647129502
B,uncalibrated,2022 second half (confirmation),6,34123,842,0.01763573988985656,0.024675438853559183
B,uncalibrated,2022 second half (confirmation),7,34123,906,0.02029993480433382,0.026551006652404535
B,uncalibrated,2022 second half (confirmation),8,34123,1097,0.023782344677338307,0.03214840430208364
B,uncalibrated,2022 second half (confirmation),9,34123,1297,0.029837296490445763,0.03800955367347537
B,uncalibrated,2022 second half (confirmation),10,34123,1953,0.04630077340585669,0.05723412361164024
B,platt,2022 second half (confirmation),1,34124,327,0.009991405246150404,0.009582698394092135
B,platt,2022 second half (confirmation),2,34124,524,0.013431928069387152,0.015355761340991677
B,platt,2022 second half (confirmation),3,34123,518,0.016009904577915512,0.01518037687190458
B,platt,2022 second half (confirmation),4,34123,698,0.017954147806060815,0.020455411306157138
B,platt,2022 second half (confirmation),5,34123,725,0.020399651333340717,0.02124666647129502
B,platt,2022 second half (confirmation),6,34123,842,0.023457697710792095,0.024675438853559183
B,platt,2022 second half (confirmation),7,34123,906,0.0271019353664957,0.026551006652404535
B,platt,2022 second half (confirmation),8,34123,1097,0.03187833279033479,0.03214840430208364
B,platt,2022 second half (confirmation),9,34123,1297,0.040207033708880256,0.03800955367347537
B,platt,2022 second half (confirmation),10,34123,1953,0.06289517467490681,0.05723412361164024
B,isotonic,2022 second half (confirmation),1,34124,295,0.006725471094579677,0.00864494197632165
B,isotonic,2022 second half (confirmation),2,34124,546,0.013429408954150094,0.016000468878208884
B,isotonic,2022 second half (confirmation),3,34123,529,0.01647184117903072,0.015502740087331126
B,isotonic,2022 second half (confirmation),4,34123,704,0.0199832684397036,0.02063124578729889
B,isotonic,2022 second half (confirmation),5,34123,603,0.021344820259228497,0.017671365354746067
B,isotonic,2022 second half (confirmation),6,34123,962,0.02212487715847818,0.02819212847639422
B,isotonic,2022 second half (confirmation),7,34123,900,0.026745461674793376,0.026375172171262784
B,isotonic,2022 second half (confirmation),8,34123,1032,0.03392944021468206,0.030243530756381327
B,isotonic,2022 second half (confirmation),9,34123,1322,0.03977754897278087,0.03874219734489934
B,isotonic,2022 second half (confirmation),10,34123,1994,0.061755172888895794,0.05843565923277555
