target,dimension,group,rows,share_of_rows,events,prevalence,mean_score,mean_probability,probability_to_observed,brier_probability,alert_rate_top0.5pct,precision_top0.5pct,recall_top0.5pct,alert_rate_top1pct,precision_top1pct,recall_top1pct,alert_rate_top5pct,precision_top5pct,recall_top5pct,alert_rate_top10pct,precision_top10pct,recall_top10pct,pr_auc,lift,small_sample
severe_delay_120,overall,all 2023 flights,454413,1.0,14484,0.03187408810927504,0.021246133510268994,0.026330649212983052,0.8260832160190049,0.030562388480442137,0.004999856958317654,0.1210387323943662,0.018986467826567245,0.010001914557902173,0.10473047304730473,0.03286384976525822,0.0500007702244434,0.08107037542361692,0.1271748135874068,0.10001694493775486,0.07300490659860503,0.22908036454018227,0.059110926839295586,1.8545135044065746,False
severe_delay_120,month_2023,2023-01,53958,0.11874220147751055,1671,0.03096853107972868,0.018891618772276228,0.02316911364108794,0.7481502297102472,0.030036799613802113,0.0012231735794506838,0.09090909090909091,0.003590664272890485,0.0020386226324178064,0.08181818181818182,0.005385996409335727,0.01586419066681493,0.056074766355140186,0.02872531418312388,0.041606434634345234,0.051224944320712694,0.06882106523040096,0.04036698789609257,1.303484101075621,False
severe_delay_120,month_2023,2023-02,49890,0.10978999280390306,1100,0.0220485067147725,0.01936800203964055,0.02379477533174744,1.079201219364436,0.02152734791873996,0.0012427340148326318,0.04838709677419355,0.0027272727272727275,0.002285027059530968,0.043859649122807015,0.004545454545454545,0.018240128282220887,0.04285714285714286,0.035454545454545454,0.0467428342353177,0.04159519725557462,0.08818181818181818,0.03250835788139158,1.4744017951842052,False
severe_delay_120,month_2023,2023-03,58141,0.12794748389680752,1653,0.028430883541734748,0.018277767220638654,0.022358225347919588,0.7864062794636375,0.027515966104455846,0.00032679176484752586,0.0,0.0,0.001289967492819181,0.04,0.0018148820326678765,0.012074095732787534,0.042735042735042736,0.018148820326678767,0.034364734008702984,0.055055055055055056,0.06654567453115548,0.043604296731573525,1.5336947466850674,False
severe_delay_120,month_2023,2023-04,56136,0.12353519815674288,1754,0.031245546529856064,0.01845061791730768,0.02258634160431776,0.7228659477194879,0.03008641811023864,0.0005878580589995725,0.24242424242424243,0.004561003420752566,0.0016745047741199943,0.14893617021276595,0.00798175598631699,0.013752315804474847,0.08678756476683938,0.03819840364880274,0.03675003562776115,0.08191953465826467,0.09635119726339794,0.05649999104473501,1.8082574100839477,False
severe_delay_120,month_2023,2023-05,58974,0.12978061807210622,1274,0.021602740190592464,0.021027847791100143,0.026035952351480145,1.2052152699970096,0.021093109695792308,0.0030182792416997323,0.0449438202247191,0.006279434850863423,0.006935259605928036,0.034229828850855744,0.01098901098901099,0.043273306880998404,0.03761755485893417,0.07535321821036106,0.09495709973886797,0.03892857142857143,0.17111459968602827,0.03412875575011302,1.579834569550365,False
severe_delay_120,month_2023,2023-06,57197,0.1258700785408868,2344,0.040981170341101804,0.024991382599410982,0.03135634025011001,0.7651401848487809,0.038694230591640406,0.012448205325454133,0.1502808988764045,0.045648464163822525,0.02300819973075511,0.12537993920972645,0.0703924914675768,0.10643914890641118,0.09822601839684625,0.2551194539249147,0.19051698515656415,0.0873634945397816,0.4061433447098976,0.08417151753582197,2.0539071196657037,False
severe_delay_120,month_2023,2023-07,59574,0.1311010028322253,2819,0.047319300365931447,0.024339127121064143,0.030477405032025874,0.6440797897757748,0.04447588330815235,0.01050793970524054,0.17252396166134185,0.03831145796381696,0.020243730486453823,0.15422885572139303,0.0659808442710181,0.09123107395843824,0.11738730450781969,0.2263213905640298,0.17207170913485748,0.10623353819139596,0.3863072011351543,0.09763996315296351,2.0634278697675232,False
severe_delay_120,month_2023,2023-08,60368,0.13284831199811625,1863,0.03086072091174132,0.02396454559645298,0.029982137612466386,0.97153069425087,0.02968232667250586,0.009524913861648556,0.06086956521739131,0.01878690284487386,0.02019281738669494,0.06562756357670221,0.04294149221685454,0.08943479989398356,0.060381552139285054,0.17498658078368223,0.16641266896368936,0.0565399163846307,0.3048845947396672,0.050983194612444646,1.652041595471851,False
severe_delay_120,month_2023,2023-09,175,0.00038511222170140377,6,0.03428571428571429,0.024370709147324122,0.030382945086744807,0.8861692316967235,0.03358134802711796,0.005714285714285714,0.0,0.0,0.011428571428571429,0.0,0.0,0.04,0.0,0.0,0.09714285714285714,0.0,0.0,,,True
severe_delay_120,carrier,DOT_19393,94720,0.2084447407974684,1705,0.018000422297297296,0.012945744228449995,0.015429114866397165,0.8571529385015481,0.01755715010923323,0.0,,0.0,0.0,,0.0,0.0008023648648648649,0.09210526315789473,0.004105571847507331,0.005067567567567568,0.0625,0.017595307917888565,0.03719792978474102,2.0665031725575775,False
severe_delay_120,carrier,DOT_19690,5452,0.011997896186948877,78,0.014306676449009537,0.009487560232403812,0.010998397076588692,0.7687597546354045,0.014109562386831255,0.0,,0.0,0.0,,0.0,0.0,,0.0,0.0,,0.0,0.01946420325301213,1.3604978991720789,False
severe_delay_120,carrier,DOT_19790,65907,0.1450376639752824,1888,0.028646426024549743,0.016758581851694484,0.0203768802191891,0.7113236465074662,0.027795023724939742,0.0009255466035474228,0.06557377049180328,0.00211864406779661,0.002579392173820687,0.07647058823529412,0.006885593220338983,0.020468235544024157,0.06745737583395107,0.048199152542372885,0.03970746658169846,0.0573175391669851,0.07944915254237288,0.04242803560520967,1.4810935077502934,False
severe_delay_120,carrier,DOT_19805,62986,0.13860959083476926,2794,0.04435906391896612,0.023542916819715185,0.029295034666394205,0.6604069625975323,0.042314855676377446,0.0026355063029879656,0.10843373493975904,0.006442376521116679,0.006239481789604039,0.10432569974554708,0.01467430207587688,0.05131299018829581,0.08694306930693069,0.10057265569076593,0.11693074651509859,0.0814663951120163,0.2147458840372226,0.0673979037322345,1.519371640829822,False
severe_delay_120,carrier,DOT_19930,16635,0.03660766747430201,291,0.017493237150586115,0.01374069147504012,0.01643905747251047,0.9397378730419645,0.01710181917035668,0.0,,0.0,0.0,,0.0,0.002765253982566877,0.13043478260869565,0.020618556701030927,0.012563871355575594,0.07655502392344497,0.054982817869415807,0.03553707748578622,2.031475202666851,False
severe_delay_120,carrier,DOT_19977,48368,0.10644061679573427,1844,0.038124379755210054,0.026795403941535463,0.03367711395872616,0.8833485075681492,0.03628312611048202,0.016519186238835595,0.12891113892365458,0.055856832971800434,0.027745616936817732,0.10730253353204174,0.07809110629067245,0.09493880251405888,0.08514808362369337,0.21203904555314534,0.18344773403903408,0.07325594500169053,0.3524945770065076,0.06861604879627253,1.7997944946735955,False
severe_delay_120,carrier,DOT_20304,44280,0.09744439529678948,1161,0.02621951219512195,0.02587182228715899,0.03237413227147214,1.2347343470980074,0.02545604499217523,0.00485546522131888,0.05581395348837209,0.0103359173126615,0.009665763324299909,0.056074766355140186,0.020671834625323,0.05420054200542006,0.04666666666666667,0.09646856158484066,0.12630984643179766,0.04684426962274271,0.22566752799310938,0.040588219096327594,1.5480157980924942,False
severe_delay_120,carrier,DOT_20363,13362,0.029404968607852328,343,0.025669809908696304,0.024003443491011106,0.029961460271290104,1.1671866826384207,0.025036134263869095,0.004116150276904655,0.0,0.0,0.014743301900913037,0.050761421319796954,0.029154518950437316,0.08628947762311032,0.04596704249783174,0.15451895043731778,0.13905104026343362,0.042518837459634015,0.2303206997084548,0.036459696664080166,1.4203337225231463,False
severe_delay_120,carrier,DOT_20368,8023,0.017655744884059216,379,0.04723918733640783,0.028038214721184944,0.03521055234662149,0.7453674445301958,0.044679562822119635,0.0,,0.0,0.000997133241929453,0.125,0.002638522427440633,0.03440109684656612,0.10507246376811594,0.07651715039577836,0.13511155428144087,0.09778597785977859,0.2796833773087071,0.08631799419141782,1.827254003687982,False
severe_delay_120,carrier,DOT_20397,12897,0.028381670418760028,371,0.028766379778243003,0.02736857881777499,0.03436409972285529,1.1945924369964007,0.027821225046411293,0.002248584942234628,0.06896551724137931,0.005390835579514825,0.005660231061487168,0.0821917808219178,0.016172506738544475,0.08660928898193378,0.05640107430617726,0.16981132075471697,0.15848646972164068,0.05332681017612524,0.29380053908355797,0.04542550265873274,1.5791178107538442,False
severe_delay_120,carrier,DOT_20398,14795,0.032558487543270107,305,0.020615072659682324,0.02137399187120354,0.026369153238767505,1.2791200726805418,0.02018928764420398,0.0,,0.0,0.0,,0.0,0.005069280162216965,0.013333333333333334,0.003278688524590164,0.05177424805677594,0.02610966057441253,0.06557377049180328,0.028315175140070745,1.3735180858929399,False
severe_delay_120,carrier,DOT_20409,18706,0.04116519553797977,1264,0.06757190206350903,0.035022176425975125,0.04475524518946397,0.6623351396472413,0.06258355321247343,0.0360846787127125,0.16,0.08544303797468354,0.06623543248155672,0.14285714285714285,0.14003164556962025,0.22014326953918528,0.11826129188926664,0.3852848101265823,0.3586549770127232,0.10731852735131912,0.569620253164557,0.11295917747815712,1.6716885869512714,False
severe_delay_120,carrier,DOT_20416,17197,0.037844427866280235,962,0.05593998953305809,0.023368238555345606,0.029086099706438173,0.5199518260411822,0.052930145896770524,0.0044193754724661275,0.18421052631578946,0.014553014553014554,0.010699540617549573,0.15217391304347827,0.029106029106029108,0.05931267081467698,0.12941176470588237,0.13721413721413722,0.12170727452462639,0.11036789297658862,0.24012474012474014,0.09533586446289857,1.7042524544370756,False
severe_delay_120,carrier,DOT_20436,11112,0.024453525757405708,668,0.06011519078473722,0.02925201467415836,0.03689443330803057,0.6137289564653229,0.056536373558801326,0.0028797696184305254,0.0625,0.0029940119760479044,0.008999280057595392,0.11,0.016467065868263474,0.09431245500359971,0.10591603053435114,0.1661676646706587,0.19348452123830093,0.1013953488372093,0.3263473053892216,0.0894907609010097,1.4886546933114069,False
severe_delay_120,carrier,DOT_20452,19973,0.04395340802309793,431,0.021579131827967755,0.026137645505474982,0.032845256582265295,1.5220842452844194,0.021257977314751323,0.008211084964702348,0.07317073170731707,0.027842227378190254,0.020577780003004056,0.051094890510948905,0.048723897911832945,0.11109998497972262,0.03515096890491212,0.18097447795823665,0.18064386922345166,0.03519955654101996,0.29466357308584684,0.03402357995420852,1.5766890079475797,False
severe_delay_120,origin_airport_top25,ATL,22409,0.04931417014918147,650,0.029006202864920345,0.015576071863829609,0.018831762729558433,0.6492322630871922,0.02799621953607835,0.0012941228970502923,0.20689655172413793,0.009230769230769232,0.0015172475344727564,0.17647058823529413,0.009230769230769232,0.01021910839394886,0.09606986899563319,0.033846153846153845,0.02329421214690526,0.09003831417624521,0.07230769230769231,0.06011696270652089,2.072555411216041,False
severe_delay_120,origin_airport_top25,AUS,6169,0.0135757559752912,185,0.029988652942130004,0.0189701793582194,0.02331409476673553,0.7774305438702243,0.02882316169120744,0.0024315124007132437,0.06666666666666667,0.005405405405405406,0.004863024801426487,0.13333333333333333,0.021621621621621623,0.03404117360998541,0.06666666666666667,0.07567567567567568,0.07424217863511104,0.07641921397379912,0.1891891891891892,0.05782509918546652,1.9282326317575296,False
severe_delay_120,origin_airport_top25,BNA,6431,0.014152323987209873,183,0.0284559166537086,0.019610600007292357,0.02420134453126596,0.8504855009867289,0.02739360228465126,0.007152853366505987,0.043478260869565216,0.01092896174863388,0.01197325454828176,0.05194805194805195,0.02185792349726776,0.04198413932514383,0.07407407407407407,0.1092896174863388,0.08521225314881045,0.072992700729927,0.2185792349726776,0.05419618120837423,1.9045663461806266,False
severe_delay_120,origin_airport_top25,BOS,9298,0.0204615624993123,384,0.041299204129920414,0.02855584259238563,0.0360688937106412,0.873355660733182,0.03923138305221919,0.015487201548720155,0.125,0.046875,0.027855452785545277,0.0888030888030888,0.059895833333333336,0.1206711120671112,0.07754010695187166,0.2265625,0.2299419229941923,0.07764265668849392,0.4322916666666667,0.07213326656499774,1.7466018555243463,False
severe_delay_120,origin_airport_top25,BWI,6220,0.013687988679901323,191,0.030707395498392284,0.017300456387925905,0.021157755245808003,0.6890117153346899,0.029414684887850446,0.0045016077170418,0.03571428571428571,0.005235602094240838,0.00819935691318328,0.13725490196078433,0.03664921465968586,0.030064308681672026,0.11764705882352941,0.11518324607329843,0.060771704180064307,0.08994708994708994,0.17801047120418848,0.07018241729733783,2.28552165230074,False
severe_delay_120,origin_airport_top25,CLT,12799,0.02816600757460724,465,0.03633096335651223,0.019635542232162496,0.02409223954742758,0.6631324171344636,0.03479807386931144,0.0,,0.0,7.813110399249941e-05,0.0,0.0,0.011016485662942417,0.10638297872340426,0.03225806451612903,0.0269552308774123,0.11594202898550725,0.08602150537634409,0.07308377543595543,2.0116112726984805,False
severe_delay_120,origin_airport_top25,DCA,9401,0.02068822854979941,283,0.030103180512711415,0.02668613826904867,0.033574720675340446,1.1153213748016804,0.028989739956739733,0.009254334645250505,0.12643678160919541,0.038869257950530034,0.017976810977555577,0.08284023668639054,0.04946996466431095,0.12987980002127433,0.06552006552006552,0.2826855123674912,0.20114881395596212,0.05499735589635114,0.3674911660777385,0.054042430061300106,1.7952398763472872,False
severe_delay_120,origin_airport_top25,DEN,18940,0.04168014559442622,659,0.034794086589229146,0.021040950536443247,0.026042131440643924,0.7484642936051531,0.03338536571198566,0.0028511087645195356,0.05555555555555555,0.004552352048558422,0.007022175290390707,0.06015037593984962,0.012139605462822459,0.03938753959873284,0.07640750670241286,0.08649468892261002,0.10533262935586062,0.06716791979949875,0.20333839150227617,0.05690610166401927,1.6355107215728755,False
severe_delay_120,origin_airport_top25,DFW,18793,0.04135665132819703,802,0.04267546426861065,0.024497045413063006,0.030542445918344128,0.7156910051663856,0.040597646088435954,0.0012238599478529239,0.13043478260869565,0.003740648379052369,0.004256904166444953,0.0875,0.008728179551122194,0.0377268131751184,0.09732016925246827,0.08603491271820449,0.11951258447294205,0.0819234194122885,0.22942643391521197,0.07138478764281758,1.6727360525828814,False
severe_delay_120,origin_airport_top25,DTW,8472,0.018643832812881674,231,0.02726628895184136,0.02008529398482745,0.024730973862793323,0.9070164959549136,0.026429422530997452,0.002360717658168083,0.1,0.008658008658008658,0.004367327667610953,0.05405405405405406,0.008658008658008658,0.029627006610009443,0.05179282868525897,0.05627705627705628,0.05854579792256846,0.05443548387096774,0.11688311688311688,0.041704921083579934,1.5295415212990875,False
severe_delay_120,origin_airport_top25,EWR,9218,0.020285511197963086,450,0.04881753091776958,0.03335672699873291,0.04265605674192595,0.8737856245490521,0.04580465135026637,0.06151008895638967,0.12874779541446207,0.1622222222222222,0.10663918420481666,0.10885045778229908,0.23777777777777778,0.23302234758082013,0.0824022346368715,0.3933333333333333,0.33087437622043825,0.07934426229508197,0.5377777777777778,0.08582939213571465,1.7581674149044837,False
severe_delay_120,origin_airport_top25,FLL,6050,0.013313879664534246,384,0.06347107438016529,0.027450312764583318,0.034686978791684274,0.5465005773169007,0.05932882982734515,0.027107438016528925,0.16463414634146342,0.0703125,0.05371900826446281,0.13538461538461538,0.11458333333333333,0.14760330578512396,0.11310190369540873,0.2630208333333333,0.23041322314049587,0.10975609756097561,0.3984375,0.10944856996251477,1.724385021544829,False
severe_delay_120,origin_airport_top25,IAH,7650,0.01683490569151851,313,0.04091503267973856,0.024922098098338258,0.031132822444491653,0.7609140309915692,0.03900782285515574,0.0036601307189542483,0.07142857142857142,0.006389776357827476,0.007581699346405229,0.05172413793103448,0.009584664536741214,0.05947712418300653,0.09010989010989011,0.13099041533546327,0.14222222222222222,0.08363970588235294,0.29073482428115016,0.06672357879232355,1.6307839545088663,False
severe_delay_120,origin_airport_top25,JFK,8924,0.01963852266550473,385,0.043142088749439714,0.028036814518650064,0.035352062941161756,0.8194332719140974,0.04089795187068663,0.007395786642761094,0.13636363636363635,0.023376623376623377,0.014343343792021516,0.1171875,0.03896103896103896,0.12796952039444195,0.07880910683012259,0.23376623376623376,0.22052891080233078,0.07672764227642276,0.3922077922077922,0.07186607778080203,1.6657996834178632,False
severe_delay_120,origin_airport_top25,LAS,12635,0.027805102406841354,376,0.029758607043925602,0.01628132126870817,0.019750801711959552,0.6637004777409813,0.02873122022108888,0.0,,0.0,0.0,,0.0,0.0032449544914918875,0.0975609756097561,0.010638297872340425,0.018757419865453106,0.08438818565400844,0.05319148936170213,0.054427602745250867,1.8289701082080976,False
severe_delay_120,origin_airport_top25,LAX,12977,0.02855772172010924,321,0.024736071511135084,0.01722560225791645,0.020940036334126024,0.8465384782179235,0.02404601814255374,0.0,,0.0,0.0,,0.0,0.0023117823842182324,0.06666666666666667,0.006230529595015576,0.01679895199198582,0.05504587155963303,0.037383177570093455,0.03806036499571046,1.5386584316178649,False
severe_delay_120,origin_airport_top25,LGA,10847,0.02387035582168644,351,0.03235917765280723,0.029792084326418156,0.037765987426333913,1.1670873664200683,0.031053754997912984,0.012630220337420485,0.13138686131386862,0.05128205128205128,0.03374204849267078,0.08469945355191257,0.08831908831908832,0.17756061583848068,0.0680166147455867,0.3732193732193732,0.27343966073568726,0.05697909642616318,0.48148148148148145,0.06046117052809508,1.8684396487699355,False
severe_delay_120,origin_airport_top25,MCO,10926,0.024044206481768787,602,0.05509793153944719,0.026747766399668506,0.033736316775461614,0.6122973373566338,0.051289893340182365,0.02178290316675819,0.13445378151260504,0.053156146179401995,0.03844041735310269,0.1595238095238095,0.11129568106312292,0.1400329489291598,0.13594771241830064,0.34551495016611294,0.19192751235584843,0.12303290414878398,0.42857142857142855,0.11526427348453908,2.0919891230765346,False
severe_delay_120,origin_airport_top25,MIA,6727,0.014803713802201962,340,0.050542589564441805,0.024457912452397482,0.03056216598607061,0.6046814429067559,0.04773271960052838,0.005946187007581388,0.175,0.020588235294117647,0.011595064664783708,0.16666666666666666,0.03823529411764706,0.06986769733908131,0.13829787234042554,0.19117647058823528,0.1447896536346068,0.11088295687885011,0.3176470588235294,0.09741800510004787,1.9274438832588883,False
severe_delay_120,origin_airport_top25,MSP,8224,0.01809807377869911,171,0.020792801556420232,0.017050404959764842,0.020701370839068232,0.9956027706461822,0.02033305364905269,0.0,,0.0,0.0,,0.0,0.004134241245136187,0.058823529411764705,0.011695906432748537,0.018360894941634242,0.059602649006622516,0.05263157894736842,0.030511608255848963,1.467412083602935,False
severe_delay_120,origin_airport_top25,ORD,17050,0.03752093360005106,577,0.033841642228739005,0.02655174317297324,0.033328596217727324,0.984839801581024,0.03259018532431353,0.00750733137829912,0.09375,0.02079722703639515,0.01501466275659824,0.078125,0.03466204506065858,0.07894428152492669,0.06315007429420505,0.14731369150779897,0.18926686217008798,0.053920049581654785,0.30155979202772965,0.04979546181306386,1.4714256913565662,False
severe_delay_120,origin_airport_top25,PHX,11588,0.025501031000433525,265,0.022868484639282014,0.01514954038883236,0.01824479353412017,0.7978138395222059,0.02222275390628427,0.0,,0.0,0.0,,0.0,0.0006040731791508457,0.14285714285714285,0.0037735849056603774,0.006817397307559544,0.0759493670886076,0.022641509433962263,0.04287322904403274,1.8747735024990622,False
severe_delay_120,origin_airport_top25,SEA,10787,0.02373831734567453,196,0.018170019467878003,0.014575365737832819,0.01748445210290509,0.9622693103777409,0.017763584785637467,0.0,,0.0,0.0,,0.0,0.0009270418095856123,0.2,0.01020408163265306,0.002039491981088347,0.09090909090909091,0.01020408163265306,0.034474511917993556,1.8973293880581452,False
severe_delay_120,origin_airport_top25,SFO,8931,0.019653927154372784,231,0.02586496472959355,0.021948274950815604,0.027128006992215785,1.0488321664393039,0.025131872233775998,0.0,,0.0,0.0,,0.0,0.005710446758481693,0.09803921568627451,0.021645021645021644,0.03829358414511253,0.05847953216374269,0.08658008658008658,0.03843295925779992,1.485908048187927,False
severe_delay_120,origin_airport_top25,SLC,7357,0.016190117800327017,192,0.026097594128041322,0.01498417820363371,0.018000704777128097,0.6897457554444344,0.025402974903108572,0.0,,0.0,0.0,,0.0,0.0,,0.0,0.004621448960173984,0.058823529411764705,0.010416666666666666,0.039807356910328454,1.5253266916108668,False
severe_delay_120,origin_airport_top25,all other airports,185590,0.40841701271750586,5297,0.0285414084810604,0.020488231885079693,0.02532863724493945,0.8874347340548071,0.02748247245142408,0.0024678053774449056,0.10480349344978165,0.009061733056447046,0.00571151462902096,0.09528301886792453,0.019067396639607326,0.04069184762110027,0.07004766949152542,0.09986784972626014,0.08936365105878549,0.06572203798613205,0.20577685482348498,0.05160445303411669,1.8080555859168808,False
severe_delay_120,route_volume_in_fit_period,"1,000 or more",72938,0.16051037272261137,2431,0.033329677260138746,0.020933750203664055,0.025958551037006304,0.7788419562061563,0.031909084966609526,0.008568921549809427,0.1264,0.03249691484985603,0.014382077929200142,0.10104861773117255,0.04360345536816125,0.06072280567056953,0.0824113795439151,0.15014397367338544,0.10482875867174861,0.07271776092074288,0.22871246400658166,0.06273707107653949,1.8823185891323067,False
severe_delay_120,route_volume_in_fit_period,1-99,38997,0.08581840748394082,1244,0.03189988973510783,0.021699585015154326,0.026900892618450238,0.8432910847602122,0.03059055280354467,0.0010000769289945381,0.05128205128205128,0.001607717041800643,0.003359232761494474,0.05343511450381679,0.005627009646302251,0.03472061953483601,0.07607090103397342,0.08279742765273312,0.09310972638920943,0.07573671164968328,0.22106109324758844,0.057427352109354735,1.8002366963090888,False
severe_delay_120,route_volume_in_fit_period,100-999,337430,0.7425623826783124,10670,0.03162137332187417,0.021238289812742832,0.026315393172006842,0.8322027289625369,0.030326701418490656,0.004756542097620247,0.12024922118380062,0.01808809746954077,0.0099576208398779,0.10773809523809524,0.03392689784442362,0.04951841863497614,0.08151295708899396,0.12764761012183692,0.09960288059745726,0.07307566425659794,0.23017806935332707,0.05887717670624114,1.8619424307391703,False
severe_delay_120,route_volume_in_fit_period,unseen route (0 fit-period flights),5048,0.01110883711513535,139,0.027535657686212363,0.022781011508959847,0.028321568504384397,1.02854156697937,0.026640877564868236,0.0005942947702060222,0.3333333333333333,0.007194244604316547,0.0009904912836767037,0.2,0.007194244604316547,0.04536450079239303,0.05240174672489083,0.08633093525179857,0.11152931854199682,0.055062166962699825,0.22302158273381295,0.04840118142720413,1.7577637686656578,False
severe_delay_120,scheduled_departure_local_hours,00-05,14171,0.031185287392746248,273,0.01926469550490438,0.013303451025514678,0.01588050480608179,0.8243319912343774,0.01880494359575854,0.0,,0.0,0.0,,0.0,0.0004939665514078047,0.5714285714285714,0.014652014652014652,0.0012701997036200692,0.2777777777777778,0.018315018315018316,0.0431246418395015,2.238532232628483,False
severe_delay_120,scheduled_departure_local_hours,06-09,119249,0.262424270432404,2325,0.019497018842925307,0.014344490949004973,0.01720963912935764,0.8826805404459224,0.01906343096712724,0.0,,0.0,5.870070189267835e-05,0.0,0.0,0.0020209813080193546,0.024896265560165973,0.0025806451612903226,0.0050566461773264345,0.03648424543946932,0.00946236559139785,0.028692154823911742,1.4716175357404953,False
severe_delay_120,scheduled_departure_local_hours,10-13,109916,0.24188568548875142,2863,0.02604716328832927,0.01833241308513487,0.0224239303471905,0.8608972155228052,0.02526201747664814,0.0005003821099748899,0.10909090909090909,0.00209570380719525,0.0014010699079296917,0.08441558441558442,0.0045406915822563745,0.010198697186942756,0.06422836752899197,0.025148445686342998,0.031596855780778046,0.06046645551396487,0.07334963325183375,0.040678588669778394,1.5617281705299904,False
severe_delay_120,scheduled_departure_local_hours,14-17,105300,0.23172752540090183,4332,0.04113960113960114,0.027297099933965542,0.0343552459627907,0.8350894274888875,0.03914707401579696,0.008509021842355175,0.1171875,0.024238227146814405,0.018556505223171888,0.10184237461617196,0.04593721144967682,0.10108262108262109,0.08042089440060128,0.19759926131117267,0.19990503323836656,0.07092636579572446,0.3446445060018467,0.0666395424157819,1.6198392927935905,False
severe_delay_120,scheduled_departure_local_hours,18-23,105777,0.2327772312851965,4691,0.044348015163977045,0.027094923484586877,0.034084520101268376,0.7685692352913803,0.042062829297881646,0.012488537205630713,0.12414837244511734,0.034960562779791086,0.022972857993703737,0.10864197530864197,0.056277979108931994,0.10123183678871589,0.08442286141202839,0.19270944361543382,0.1919604450873063,0.0782073380940655,0.3385205713067576,0.072807471435901,1.6417301014869536,False
severe_delay_120,day_of_week,0,68008,0.1496612112769661,2010,0.029555346429831784,0.02124845732577597,0.02633636729631947,0.8910864015363654,0.02839691788071941,0.005131749205975767,0.1174785100286533,0.020398009950248756,0.010219385954593577,0.09928057553956834,0.034328358208955224,0.05158216680390542,0.07411630558722919,0.12935323383084577,0.10069403599576521,0.06425233644859812,0.21890547263681592,0.05583477398155966,1.8891598551929896,False
severe_delay_120,day_of_week,1,64171,0.14121735073600447,1609,0.02507363139112683,0.020976090384719776,0.025978402021291185,1.0360845469908495,0.02421667090319085,0.0050801764036714405,0.1165644171779141,0.023617153511497825,0.010175936170544327,0.10413476263399694,0.04226227470478558,0.049835595518224744,0.07035647279549719,0.13983840894965818,0.09875177260756417,0.06138551364999211,0.24176507147296458,0.04917284906791097,1.9611379102156092,False
severe_delay_120,day_of_week,2,64716,0.14241670022644598,2208,0.03411830150194697,0.021067493399911718,0.026097731821616448,0.7649188462716169,0.03288216144614146,0.0052228197045552874,0.08284023668639054,0.012681159420289856,0.010584708572841337,0.07591240875912408,0.02355072463768116,0.04960133506397182,0.059813084112149535,0.08695652173913043,0.09904814883490945,0.061310452418096725,0.17798913043478262,0.04991177713203969,1.4629033373537503,False
severe_delay_120,day_of_week,3,68099,0.14986146963225083,2106,0.030925564252044818,0.021535119642241092,0.026718818191279463,0.8639718898423268,0.029631740688523797,0.006358389991042453,0.11778290993071594,0.024216524216524215,0.01199723931335262,0.1003671970624235,0.0389363722697056,0.054523561285775124,0.08106652302720173,0.1429249762583096,0.10555221075199342,0.06886477462437396,0.23504273504273504,0.059654358651322376,1.9289658925908844,False
severe_delay_120,day_of_week,4,66340,0.14599054164383501,2262,0.034097075670786854,0.021255162177171834,0.026339795649094933,0.7724942720428638,0.03254827288488482,0.004522158577027435,0.17,0.022546419098143235,0.00933072053059994,0.13731825525040386,0.03757736516357206,0.04844739222188725,0.10049782202862477,0.14279398762157383,0.09892975580343684,0.08746000304738687,0.2537577365163572,0.07094609230475403,2.0807090024303196,False
severe_delay_120,day_of_week,5,57466,0.12646205104167355,1893,0.03294121741551526,0.021172499614861652,0.026224904824032592,0.7961121926137649,0.031462685139374294,0.004089374586712143,0.1276595744680851,0.01584786053882726,0.008230953955382312,0.1226215644820296,0.0306391970417327,0.04677548463439251,0.10044642857142858,0.14263074484944532,0.09640483068249052,0.08592057761732852,0.2514527205493925,0.068718255025809,2.0860872917660536,False
severe_delay_120,day_of_week,6,65613,0.14439067544282405,2396,0.036517153612851114,0.02143945784868481,0.026579451649344103,0.7278620872572682,0.03489461082565516,0.004435096703397192,0.12371134020618557,0.015025041736227046,0.009190251931781811,0.10281923714759536,0.02587646076794658,0.04861841403380428,0.08495297805642633,0.1131051752921536,0.10002590949964184,0.08395550815175987,0.22996661101836394,0.06579252654631088,1.8016882488660664,False
severe_delay_120,missing_or_unseen_values,complete,449365,0.9888911628848647,14345,0.03192282443002904,0.021228891259231657,0.026308283962945798,0.8241214376444154,0.03060644128184371,0.005049347412459804,0.12075804319083297,0.019100731962356222,0.01010314554983143,0.10462555066079295,0.033112582781456956,0.05005285235832786,0.08136226213764894,0.12757058208434996,0.09988761919597655,0.07322996034398253,0.22913907284768212,0.05928107364519076,1.857012175571359,False
severe_delay_120,missing_or_unseen_values,unseen category,5048,0.01110883711513535,139,0.027535657686212363,0.022781011508959847,0.028321568504384397,1.02854156697937,0.026640877564868236,0.0005942947702060222,0.3333333333333333,0.007194244604316547,0.0009904912836767037,0.2,0.007194244604316547,0.04536450079239303,0.05240174672489083,0.08633093525179857,0.11152931854199682,0.055062166962699825,0.22302158273381295,0.04840118142720413,1.7577637686656578,False
severe_delay_120,score_decile,decile 01 (lowest),45442,0.1000015404488868,367,0.008076229039214823,0.007870180754511638,0.00896917252732656,1.1105644086833066,0.008008851879831745,0.0,,0.0,0.0,,0.0,0.0,,0.0,0.0,,0.0,0.01136420376215427,1.4071175677379137,False
severe_delay_120,score_decile,decile 02,45441,0.09999933980761994,799,0.017583239805462027,0.01083147245004642,0.012648063981825318,0.7193250004982782,0.017297370636839327,0.0,,0.0,0.0,,0.0,0.0,,0.0,0.0,,0.0,0.017873742673612636,1.016521578012055,False
severe_delay_120,score_decile,decile 03,45441,0.09999933980761994,852,0.018749587377038357,0.013105567310317506,0.015523805069117146,0.8279544907813994,0.01840706533816914,0.0,,0.0,0.0,,0.0,0.0,,0.0,0.0,,0.0,0.02082287616232324,1.1105778353194018,False
severe_delay_120,score_decile,decile 04,45441,0.09999933980761994,1037,0.022820800598578377,0.014787055144609521,0.017674663943739215,0.7744979790428675,0.02232630395048449,0.0,,0.0,0.0,,0.0,0.0,,0.0,0.0,,0.0,0.023120003314580855,1.0131109649159775,False
severe_delay_120,score_decile,decile 05,45442,0.1000015404488868,1222,0.026891422032480964,0.016693096919369307,0.02013461411636667,0.7487374260850526,0.026211191940422835,0.0,,0.0,0.0,,0.0,0.0,,0.0,0.0,,0.0,0.027999343765964062,1.0411998194868568,False
severe_delay_120,score_decile,decile 06,45441,0.09999933980761994,1298,0.028564512224642943,0.01912779568535216,0.023304442209379952,0.8158529726012592,0.02777349637825828,0.0,,0.0,0.0,,0.0,0.0,,0.0,0.0,,0.0,0.030785416570206354,1.0777504733179868,False
severe_delay_120,score_decile,decile 07,45441,0.09999933980761994,1532,0.03371404678594221,0.021994875014256808,0.027072606618630233,0.8030067345673475,0.03262061947462468,0.0,,0.0,0.0,,0.0,0.0,,0.0,0.0,,0.0,0.03447561038788715,1.022588910989543,False
severe_delay_120,score_decile,decile 08,45441,0.09999933980761994,1807,0.03976585022336656,0.026188677153453455,0.03264190995778181,0.8208528115061224,0.03822355186580741,0.0,,0.0,0.0,,0.0,0.0,,0.0,0.0,,0.0,0.044438108629298784,1.1174942414078397,False
severe_delay_120,score_decile,decile 09,45441,0.09999933980761994,2252,0.04955876851301688,0.03306493229670686,0.04189064053851095,0.8452720234060729,0.04714012865679622,0.0,,0.0,0.0,,0.0,0.0,,0.0,0.0001540459056798926,0.0,0.0,0.05528117643669716,1.1154671129928755,False
severe_delay_120,score_decile,decile 10 (highest),45442,0.1000015404488868,3318,0.07301615245807842,0.048797470619312576,0.06344627479973555,0.868934785849784,0.06761508136152312,0.04999779939263237,0.1210387323943662,0.08288125376732972,0.10001760485894107,0.10473047304730473,0.14345991561181434,0.5,0.08107037542361692,0.5551537070524413,1.0,0.07301615245807842,1.0,0.08810590921416483,1.2066632689903793,False
