variant,bin,rows,events,mean_predicted,observed_rate
uncalibrated,1,45442,367,0.007870180754511636,0.008076229039214823
uncalibrated,2,45442,799,0.010831499986298811,0.0175828528673914
uncalibrated,3,45442,852,0.013105628831567465,0.018749174772237136
uncalibrated,4,45441,1037,0.014787126864349064,0.022820800598578377
uncalibrated,5,45441,1222,0.01669317000442239,0.026892013820118396
uncalibrated,6,45441,1298,0.019127851567003182,0.028564512224642943
uncalibrated,7,45441,1532,0.021994949368916123,0.03371404678594221
uncalibrated,8,45441,1807,0.026188790872874273,0.03976585022336656
uncalibrated,9,45441,2252,0.03306513266998236,0.04955876851301688
uncalibrated,10,45441,3318,0.048797706876168336,0.0730177592922691
platt fitted on early_stop (locked primary),1,45442,367,0.00896917252732656,0.008076229039214823
platt fitted on early_stop (locked primary),2,45442,799,0.012648098654414023,0.0175828528673914
platt fitted on early_stop (locked primary),3,45442,852,0.015523883444754255,0.018749174772237136
platt fitted on early_stop (locked primary),4,45441,1037,0.017674756092204105,0.022820800598578377
platt fitted on early_stop (locked primary),5,45441,1222,0.020134708779075704,0.026892013820118396
platt fitted on early_stop (locked primary),6,45441,1298,0.02330451529123655,0.028564512224642943
platt fitted on early_stop (locked primary),7,45441,1532,0.027072704787774238,0.03371404678594221
platt fitted on early_stop (locked primary),8,45441,1807,0.03264206178257797,0.03976585022336656
platt fitted on early_stop (locked primary),9,45441,2252,0.04189091179944031,0.04955876851301688
platt fitted on early_stop (locked primary),10,45441,3318,0.06344659996292873,0.0730177592922691
"platt fitted on validation_2022 (diagnostic, not the locked choice)",1,45442,367,0.010728693356330903,0.008076229039214823
"platt fitted on validation_2022 (diagnostic, not the locked choice)",2,45442,799,0.014668899894767898,0.0175828528673914
"platt fitted on validation_2022 (diagnostic, not the locked choice)",3,45442,852,0.017676890339427462,0.018749174772237136
"platt fitted on validation_2022 (diagnostic, not the locked choice)",4,45441,1037,0.01989182460011675,0.022820800598578377
"platt fitted on validation_2022 (diagnostic, not the locked choice)",5,45441,1222,0.02239388612309349,0.026892013820118396
"platt fitted on validation_2022 (diagnostic, not the locked choice)",6,45441,1298,0.02557836426526818,0.028564512224642943
"platt fitted on validation_2022 (diagnostic, not the locked choice)",7,45441,1532,0.029312662872536577,0.03371404678594221
"platt fitted on validation_2022 (diagnostic, not the locked choice)",8,45441,1807,0.03474709998997881,0.03976585022336656
"platt fitted on validation_2022 (diagnostic, not the locked choice)",9,45441,2252,0.043592793243855725,0.04955876851301688
"platt fitted on validation_2022 (diagnostic, not the locked choice)",10,45441,3318,0.06353090735607152,0.0730177592922691
