target,eval_year,scheme,capacity,fraction,flights,events,prevalence,reviewed,events_captured,false_alerts,events_missed,precision,recall,lift,break_even_ratio,precision_low,precision_high,recall_low,recall_high,n_days,n_boot
severe_delay_120,2020,whole_year,0.5%,0.005,449920,4866,0.010815256045519204,2250,27,2223,4839,0.012,0.005548705302096177,1.1095437731196054,82.33333333333333,0.008032666345802927,0.017195383204125694,0.0035441115229723264,0.008169463598138993,366,500
severe_delay_120,2020,whole_year,1%,0.01,449920,4866,0.010815256045519204,4500,62,4438,4804,0.013777777777777778,0.012741471434443074,1.273920628396584,71.58064516129032,0.010174292379858558,0.01815247606300834,0.008932438902060915,0.01780405832850132,366,500
severe_delay_120,2020,whole_year,5%,0.05,449920,4866,0.010815256045519204,22496,328,22168,4538,0.014580369843527738,0.06740649404027949,1.3481298808055897,67.58536585365853,0.012027933242681806,0.017669152358172843,0.057560010501899045,0.07740126286653737,366,500
severe_delay_120,2020,whole_year,10%,0.1,449920,4866,0.010815256045519204,44992,661,44331,4205,0.014691500711237553,0.13584052609946567,1.3584052609946569,67.06656580937972,0.012619680518921535,0.017340675294850113,0.12233354533923346,0.15102208019263855,366,500
severe_delay_120,2020,by_month,0.5%,0.005,449920,4866,0.010815256045519204,2255,39,2216,4827,0.01729490022172949,0.008014796547472256,1.59912073731207,56.82051282051282,0.011679125638097835,0.024154329582427986,0.005611025778075319,0.010374654439249878,366,500
severe_delay_120,2020,by_month,1%,0.01,449920,4866,0.010815256045519204,4505,101,4404,4765,0.02241953385127636,0.020756267981915332,2.072954515077324,43.603960396039604,0.01622547845771196,0.03197302455778426,0.01580041998583885,0.02728319940459663,366,500
severe_delay_120,2020,by_month,5%,0.05,449920,4866,0.010815256045519204,22501,394,22107,4472,0.017510332874094484,0.08096999588984792,1.6190400671419216,56.109137055837564,0.013794175742247866,0.021847590321945724,0.06863525205373616,0.09272155574397331,366,500
severe_delay_120,2020,by_month,10%,0.1,449920,4866,0.010815256045519204,44997,748,44249,4118,0.01662333044425184,0.15371968762844226,1.5370260652440992,59.156417112299465,0.013723279927475147,0.02039852476499708,0.13689330284528634,0.17035899130865093,366,500
severe_delay_120,2020,by_day,0.5%,0.005,449920,4866,0.010815256045519204,2440,44,2396,4822,0.018032786885245903,0.009042334566378957,1.667347200043123,54.45454545454545,0.012111699843730448,0.025596548622658477,0.006391186723937456,0.011830607690400478,366,500
severe_delay_120,2020,by_day,1%,0.01,449920,4866,0.010815256045519204,4681,90,4591,4776,0.019226660969878233,0.018495684340320593,1.777735163084179,51.01111111111111,0.014897583473165039,0.024690827219286667,0.01484597488017353,0.022499541406629717,366,500
severe_delay_120,2020,by_day,5%,0.05,449920,4866,0.010815256045519204,22669,394,22275,4472,0.01738056376549473,0.08096999588984792,1.6070413582760765,56.535532994923855,0.013679421980350652,0.021882254490065062,0.06901262249490184,0.09261813218861499,366,500
severe_delay_120,2020,by_day,10%,0.1,449920,4866,0.010815256045519204,45161,756,44405,4110,0.016740107614977524,0.15536374845869297,1.5478235137958667,58.73677248677249,0.01378625561211025,0.02043565213675509,0.13794685654902783,0.17164466591210711,366,500
severe_delay_120,2021,whole_year,0.5%,0.005,599646,12866,0.021455992368830945,2999,264,2735,12602,0.08802934311437145,0.020519197885900824,4.102785907132005,10.359848484848484,0.07210552251292102,0.10481787768897863,0.016462091010212357,0.025019181770227866,365,500
severe_delay_120,2021,whole_year,1%,0.01,599646,12866,0.021455992368830945,5997,464,5533,12402,0.07737201934300483,0.036064044769159025,3.6060797381435936,11.924568965517242,0.06512814609480659,0.09003961367328542,0.029923110471290416,0.04239495479214364,365,500
severe_delay_120,2021,whole_year,5%,0.05,599646,12866,0.021455992368830945,29983,1663,28320,11203,0.055464763365907346,0.12925540183429193,2.5850476832980624,17.029464822609743,0.049871413180575995,0.06177943102396867,0.1130681748996178,0.1429075484011472,365,500
severe_delay_120,2021,whole_year,10%,0.1,599646,12866,0.021455992368830945,59965,2959,57006,9907,0.04934545151338281,0.22998600963780508,2.2998447550282872,19.265292328489355,0.04494030106746758,0.05399349950216873,0.21049073638974236,0.25079347901626375,365,500
severe_delay_120,2021,by_month,0.5%,0.005,599646,12866,0.021455992368830945,3004,184,2820,12682,0.06125166444740346,0.014301259132597544,2.854757934029822,15.326086956521738,0.05033485179999178,0.07450925945422386,0.011780901798774572,0.01692251213770031,365,500
severe_delay_120,2021,by_month,1%,0.01,599646,12866,0.021455992368830945,6003,322,5681,12544,0.05363984674329502,0.025027203482045703,2.4999937463259663,17.642857142857142,0.04510158085512343,0.06306549480071331,0.021469270319225787,0.028833097239012964,365,500
severe_delay_120,2021,by_month,5%,0.05,599646,12866,0.021455992368830945,29989,1332,28657,11534,0.04441628597152289,0.10352868024249962,2.0701110071257434,21.514264264264263,0.039536361331783475,0.04971173136352712,0.09503520165421299,0.1124607051164221,365,500
severe_delay_120,2021,by_month,10%,0.1,599646,12866,0.021455992368830945,59970,2392,57578,10474,0.03988660997165249,0.18591636872376807,1.858996278801611,24.071070234113712,0.03615110259663673,0.04426887030182324,0.17397958040470698,0.19778272543581202,365,500
severe_delay_120,2021,by_day,0.5%,0.005,599646,12866,0.021455992368830945,3166,185,2981,12681,0.05843335439039798,0.014378983367013836,2.7234048831637327,16.113513513513514,0.04822746313939721,0.06999174359713187,0.011904713335394458,0.016786654821251527,365,500
severe_delay_120,2021,by_day,1%,0.01,599646,12866,0.021455992368830945,6171,335,5836,12531,0.054286177280829684,0.026037618529457483,2.5301172906684593,17.420895522388058,0.04624127645124562,0.06329346120509542,0.022353483098331357,0.02968701515690041,365,500
severe_delay_120,2021,by_day,5%,0.05,599646,12866,0.021455992368830945,30156,1332,28824,11534,0.04417031436530044,0.10352868024249962,2.058647002012665,21.63963963963964,0.03918527020190449,0.049298798708348336,0.0951660417261505,0.11244927526253207,365,500
severe_delay_120,2021,by_day,10%,0.1,599646,12866,0.021455992368830945,60127,2401,57726,10465,0.03993214362931794,0.18661588683351468,1.86111846718063,24.042482299042067,0.03618715349329987,0.044054422248766156,0.17520432376291367,0.19805941030256094,365,500
severe_delay_120,2022,whole_year,0.5%,0.005,667616,17820,0.02669199060537794,3339,318,3021,17502,0.09523809523809523,0.017845117845117844,3.5680401902624124,9.5,0.07852889445222437,0.1132155895700242,0.014322771206693511,0.02150655623847113,365,500
severe_delay_120,2022,whole_year,1%,0.01,667616,17820,0.02669199060537794,6677,588,6089,17232,0.08806350157256253,0.032996632996632996,3.2992481855144726,10.355442176870747,0.0745170255658727,0.1023755803136578,0.02746597859685009,0.03870319545918605,365,500
severe_delay_120,2022,whole_year,5%,0.05,667616,17820,0.02669199060537794,33381,2262,31119,15558,0.06776309876876067,0.12693602693602693,2.5387053281484246,13.757294429708223,0.060769280642014596,0.07491983572552469,0.11110139050898923,0.140512571641688,365,500
severe_delay_120,2022,whole_year,10%,0.1,667616,17820,0.02669199060537794,66762,3905,62857,13915,0.05849135735897666,0.2191358024691358,2.1913448953182133,16.096542893725992,0.05350785411827275,0.06359777825314128,0.1992771221967085,0.23671513460004717,365,500
severe_delay_120,2022,by_month,0.5%,0.005,667616,17820,0.02669199060537794,3344,273,3071,17547,0.08163875598086125,0.01531986531986532,3.058548805438758,11.249084249084248,0.07035684820691945,0.09492537234290077,0.013379676836271939,0.017569604290127702,365,500
severe_delay_120,2022,by_month,1%,0.01,667616,17820,0.02669199060537794,6683,505,6178,17315,0.07556486607810864,0.02833894500561167,2.830994030954129,12.233663366336634,0.06605830628099953,0.0862641262801896,0.025592949808632737,0.031426018715152514,365,500
severe_delay_120,2022,by_month,5%,0.05,667616,17820,0.02669199060537794,33387,2134,31253,15686,0.063917093479498,0.11975308641975309,2.394616962985889,14.64526710402999,0.05769286918468939,0.07013555971561179,0.11224855523324347,0.12751833423719686,365,500
severe_delay_120,2022,by_month,10%,0.1,667616,17820,0.02669199060537794,66767,3772,62995,14048,0.05649497506253089,0.211672278338945,2.1165515864953215,16.70068928950159,0.051704749811781026,0.06120639262350393,0.20042635342705958,0.22271619640662432,365,500
severe_delay_120,2022,by_day,0.5%,0.005,667616,17820,0.02669199060537794,3517,297,3220,17523,0.08444697185100938,0.016666666666666666,3.1637569898587814,10.841750841750843,0.07281501097472662,0.09808716062741134,0.014683705464265851,0.019194548872180448,365,500
severe_delay_120,2022,by_day,1%,0.01,667616,17820,0.02669199060537794,6857,543,6314,17277,0.07918914977395362,0.030471380471380472,2.9667757247748496,11.627992633517495,0.06939653599065557,0.08991553826731011,0.02742773196893654,0.03387714835563145,365,500
severe_delay_120,2022,by_day,5%,0.05,667616,17820,0.02669199060537794,33552,2201,31351,15619,0.06559966618979494,0.12351290684624018,2.4576535770463606,14.243980009086778,0.0590000419447807,0.07211756778787098,0.11531913999816334,0.13203237931733533,365,500
severe_delay_120,2022,by_day,10%,0.1,667616,17820,0.02669199060537794,66927,3803,63124,14017,0.056823105771960494,0.2134118967452301,2.1288448138638145,16.59847488824612,0.05196005383299139,0.061637077540883836,0.2017526089881409,0.22456706064940682,365,500
