variant,seed,fit_rows,fit_events,best_iteration,train_seconds,pr_auc_selection_half,pr_auc_confirmation_half,pr_auc_full_year,roc_auc_full_year
full,42,1454352,29335,53,5.8,0.04920635605062264,0.046797301415135384,0.04792840382302811,0.6430433759150129
no2020,42,1004432,24469,68,6.4,0.04805556598214974,0.046531257710733055,0.047116654025276664,0.6416731717731058
matched,42,1004432,20290,43,3.8,0.04855389369986545,0.04620899305332016,0.04728957277029219,0.6408607775504975
full,43,1454352,29335,67,5.5,0.048897975041917695,0.046892121518677055,0.04782037971065847,0.6431882915075845
no2020,43,1004432,24469,45,4.0,0.0483761959801776,0.04675181598107363,0.047375913151699124,0.6406865522757279
matched,43,1004432,20249,45,3.6,0.04916350889028843,0.04638957987835905,0.04772148641676885,0.6412960618361108
full,44,1454352,29335,60,5.0,0.048727498715858936,0.04716097847830501,0.047918214278096866,0.6430464848938621
no2020,44,1004432,24469,66,4.4,0.04763765140019177,0.04658472388974811,0.04694668050369275,0.6418148968624939
matched,44,1004432,20346,67,4.5,0.04879418930812948,0.04582475538723491,0.04724256843991955,0.6425882037939643
