category,pick,source_row_number,prediction_time_utc,origin,destination,carrier,local_departure_hour,score,score_rank_in_h2,calibrated_probability,event,arrival_delay_minutes,top_features
true_positive,typical_q25,693081,2022-08-05 21:59:00+00:00,LGA,BOS,DOT_20409,19.0,0.07518440736889848,708,0.10006712845715948,1,275.0,origin_airport=LGA (+0.308); scheduled_departure_hour_local=19.0 (+0.289); carrier_identifier=DOT_20409 (+0.282); destination_airport=BOS (+0.192); scheduled_departure_month=8.0 (+0.186); scheduled_arrival_hour_local=21.0 (+0.174)
true_positive,typical_q50,177434,2022-07-21 17:55:00+00:00,LGA,FLL,DOT_20409,15.0,0.06848203611089658,1564,0.09071583602835362,1,222.0,carrier_identifier=DOT_20409 (+0.350); origin_airport=LGA (+0.336); scheduled_departure_month=7.0 (+0.261); scheduled_departure_hour_local=15.0 (+0.245); scheduled_arrival_hour_local=19.0 (+0.142); destination_airport=FLL (+0.076)
true_positive,typical_q75,1226775,2022-08-17 18:20:00+00:00,DFW,EWR,DOT_19977,15.0,0.06395017089604156,2433,0.08440323643571773,1,166.0,destination_airport=EWR (+0.470); scheduled_departure_month=8.0 (+0.240); scheduled_departure_hour_local=15.0 (+0.220); scheduled_arrival_hour_local=20.0 (+0.190); carrier_identifier=DOT_19977 (+0.151); origin_airport=DFW (+0.068)
false_positive,typical_q25,1416616,2022-07-02 19:30:00+00:00,BOS,LGA,DOT_20452,17.0,0.07332214599514741,870,0.09746739997535989,0,1.0,destination_airport=LGA (+0.464); scheduled_departure_hour_local=17.0 (+0.245); scheduled_departure_month=7.0 (+0.229); route=BOS-LGA (+0.217); scheduled_arrival_hour_local=19.0 (+0.212); origin_airport=BOS (+0.159)
false_positive,typical_q50,371180,2022-10-11 19:00:00+00:00,BOS,LGA,DOT_20409,17.0,0.06770232473895034,1728,0.08962905271819745,0,-33.0,destination_airport=LGA (+0.472); carrier_identifier=DOT_20409 (+0.303); route=BOS-LGA (+0.302); scheduled_departure_hour_local=17.0 (+0.196); scheduled_departure_month=10.0 (-0.153); origin_airport=BOS (+0.139)
false_positive,typical_q75,2267844,2022-07-09 21:10:00+00:00,BWI,MCO,DOT_20416,19.0,0.06331638072115953,2569,0.0835212557055754,0,22.0,scheduled_departure_month=7.0 (+0.391); scheduled_departure_hour_local=19.0 (+0.277); scheduled_arrival_hour_local=21.0 (+0.181); destination_airport=MCO (+0.141); carrier_identifier=DOT_20416 (+0.140); route=BWI-MCO (+0.122)
false_negative,typical_q25,600414,2022-12-31 20:34:00+00:00,DFW,AEX,DOT_20304,16.0,0.02428242380351485,80831,0.030100080702823745,1,167.0,carrier_identifier=DOT_20304 (+0.293); scheduled_departure_hour_local=16.0 (+0.109); destination_airport=AEX (-0.093); scheduled_departure_month=12.0 (-0.084); origin_airport=DFW (+0.069); scheduled_arrival_hour_local=17.0 (+0.045)
false_negative,typical_q50,1208836,2022-11-11 18:40:00+00:00,SAN,PHX,DOT_20436,12.0,0.01844157163940173,142497,0.02240688804236322,1,129.0,carrier_identifier=DOT_20436 (+0.332); origin_airport=SAN (-0.138); scheduled_departure_month=11.0 (-0.121); destination_airport=PHX (-0.068); scheduled_departure_hour_local=12.0 (+0.035); route=SAN-PHX (-0.011)
false_negative,typical_q75,1447207,2022-11-04 19:35:00+00:00,DFW,AUS,DOT_20398,16.0,0.013639940013462781,220801,0.01620436798446742,1,314.0,scheduled_departure_month=11.0 (-0.224); carrier_identifier=DOT_20398 (-0.119); scheduled_departure_hour_local=16.0 (+0.095); destination_airport=AUS (-0.093); scheduled_arrival_hour_local=17.0 (+0.072); route=DFW-AUS (-0.029)
low_risk_correct,typical_q25,560564,2022-11-15 01:47:00+00:00,CLT,GSP,DOT_19805,22.0,0.013975717502956335,213489,0.016633672532446922,0,23.0,scheduled_departure_month=11.0 (-0.218); origin_airport=CLT (-0.124); scheduled_departure_hour_local=22.0 (+0.112); scheduled_arrival_hour_local=23.0 (+0.092); destination_airport=GSP (-0.088); route=CLT-GSP (-0.026)
low_risk_correct,typical_q50,2636616,2022-12-16 11:00:00+00:00,PHX,PHL,DOT_19805,6.0,0.012177136449739044,256244,0.014343183025445275,0,-23.0,origin_airport=PHX (-0.172); scheduled_departure_hour_local=6.0 (-0.167); scheduled_arrival_hour_local=12.0 (-0.073); carrier_identifier=DOT_19805 (+0.033); destination_airport=PHL (+0.028); route=PHX-PHL (-0.026)
low_risk_correct,typical_q75,2622761,2022-11-26 15:10:00+00:00,CLE,MCO,DOT_19393,12.0,0.009681980186495373,298826,0.011206986444664118,0,7.0,carrier_identifier=DOT_19393 (-0.423); scheduled_departure_month=11.0 (-0.146); scheduled_arrival_hour_local=14.0 (-0.106); scheduled_departure_hour_local=12.0 (+0.041); origin_airport=CLE (+0.035); route=CLE-MCO (-0.027)
high_confidence_false_positive,highest_scoring_non_event,1689272,2022-07-04 19:27:00+00:00,MCO,EWR,DOT_20409,17.0,0.11506640541035391,1,0.15575393839992288,0,-8.0,destination_airport=EWR (+0.431); carrier_identifier=DOT_20409 (+0.358); scheduled_departure_hour_local=17.0 (+0.325); scheduled_departure_month=7.0 (+0.261); route=MCO-EWR (+0.225); origin_airport=MCO (+0.187)
high_confidence_false_positive,highest_scoring_non_event,806886,2022-07-17 16:14:00+00:00,ASE,ORD,DOT_20304,12.0,0.11412092158050109,3,0.1544374868619443,0,13.0,carrier_identifier=DOT_20304 (+0.538); route=ASE-ORD (+0.458); destination_airport=ORD (+0.395); origin_airport=ASE (+0.310); scheduled_departure_month=7.0 (+0.123); scheduled_departure_hour_local=12.0 (+0.091)
high_confidence_false_positive,highest_scoring_non_event,140682,2022-07-23 16:14:00+00:00,ASE,ORD,DOT_20304,12.0,0.11412092158050109,4,0.1544374868619443,0,16.0,carrier_identifier=DOT_20304 (+0.538); route=ASE-ORD (+0.458); destination_airport=ORD (+0.395); origin_airport=ASE (+0.310); scheduled_departure_month=7.0 (+0.123); scheduled_departure_hour_local=12.0 (+0.091)
high_confidence_false_negative,lowest_scoring_event,1745193,2022-09-28 12:25:00+00:00,LAS,SJC,DOT_19393,7.0,0.00648205448629839,340336,0.007275229172460751,1,124.0,carrier_identifier=DOT_19393 (-0.363); scheduled_departure_hour_local=7.0 (-0.202); destination_airport=SJC (-0.164); scheduled_arrival_hour_local=8.0 (-0.098); scheduled_departure_month=9.0 (-0.087); origin_airport=LAS (-0.084)
high_confidence_false_negative,lowest_scoring_event,1866464,2022-12-20 17:30:00+00:00,HNL,ITO,DOT_19690,9.0,0.006427648189433994,340682,0.007209471805865861,1,138.0,carrier_identifier=DOT_19690 (-0.417); scheduled_departure_hour_local=9.0 (-0.160); route=HNL-ITO (-0.117); destination_airport=ITO (-0.112); origin_airport=HNL (-0.105); scheduled_arrival_hour_local=10.0 (-0.090)
high_confidence_false_negative,lowest_scoring_event,1002058,2022-12-28 17:05:00+00:00,OGG,HNL,DOT_19690,9.0,0.006285708498391505,341146,0.0070381181090997105,1,146.0,carrier_identifier=DOT_19690 (-0.434); scheduled_departure_hour_local=9.0 (-0.164); route=OGG-HNL (-0.128); destination_airport=HNL (-0.120); scheduled_arrival_hour_local=9.0 (-0.089); origin_airport=OGG (-0.083)
