target,period,operating_point,cutoff_score,flights,events,flagged,alert_rate,true_positives,false_positives,false_negatives,true_negatives,precision,recall,f1,specificity,cutoff_probability
severe_delay_120,validation_2022,capacity_0.5pct,0.06647247744633333,667616,17820,3339,0.005001378037674351,318,3021,17502,646775,0.09523809523809523,0.017845117845117844,0.030058131291648943,0.995350848574014,0.08791541453736586
severe_delay_120,validation_2022,capacity_1pct,0.05932335780487977,667616,17820,6676,0.009999760341274026,588,6088,17232,643708,0.08807669263031756,0.032996632996632996,0.04800783801436969,0.990630905699635,0.07797024901695485
severe_delay_120,validation_2022,capacity_5pct,0.04282162189710317,667616,17820,33381,0.050000299573407465,2262,31119,15558,618677,0.06776309876876067,0.12693602693602693,0.0883576492646628,0.9521095851621124,0.055179388473430124
severe_delay_120,validation_2022,capacity_10pct,0.03496009764716202,667616,17820,66766,0.1000065906149643,3905,62861,13915,586935,0.058487853098882665,0.2191358024691358,0.09233206440782163,0.9032604078818584,0.04445115447753202
severe_delay_120,validation_2022,f1_optimal,0.03612575188784845,667616,17820,60681,0.09089206969275751,3660,57021,14160,592775,0.06031541998319079,0.2053872053872054,0.09324721978063974,0.912247843938713,0.04603465789158412
severe_delay_120,final_2023,capacity_0.5pct,0.06647247744633333,454413,14484,3113,0.006850596263751257,348,2765,14136,437164,0.11178927079987151,0.024026512013256007,0.039552196397113146,0.9937148949034957,0.08791541453736586
severe_delay_120,final_2023,capacity_1pct,0.05932335780487977,454413,14484,6021,0.013250061067795155,589,5432,13895,434497,0.09782428168078393,0.040665561999447666,0.05744940258473542,0.9876525530256018,0.07797024901695485
severe_delay_120,final_2023,capacity_5pct,0.04282162189710317,454413,14484,30059,0.06614907584069998,2393,27666,12091,412263,0.07961010013639841,0.1652167909417288,0.10744673686101071,0.9371125795298787,0.055179388473430124
severe_delay_120,final_2023,capacity_10pct,0.03496009764716202,454413,14484,58265,0.1282203634138988,4027,54238,10457,385691,0.06911524929202781,0.278030930682132,0.11070942555911421,0.8767119239695497,0.04445115447753202
severe_delay_120,final_2023,f1_optimal,0.03612575188784845,454413,14484,53293,0.11727877503504522,3774,49519,10710,390410,0.0708160546413225,0.2605633802816901,0.11136521238768313,0.8874386548738546,0.04603465789158412
