feature_version,feature,null_rate_development,null_rate_validation,dtype,distinct_values
phase6_features_v1,scheduled_departure_year,0.0,0.0,float32,5
phase6_features_v1,scheduled_departure_month,0.0,0.0,float32,12
phase6_features_v1,scheduled_departure_day_of_week,0.0,0.0,float32,7
phase6_features_v1,scheduled_departure_hour_local,0.0,0.0,float32,24
phase6_features_v1,scheduled_departure_minute_local,0.0,0.0,float32,60
phase6_features_v1,scheduled_arrival_hour_local,7.573634663011126e-06,0.0,float32,24
phase6_features_v1,scheduled_arrival_minute_local,7.573634663011126e-06,0.0,float32,60
phase6_features_v1,scheduled_elapsed_time_minutes,7.032660758510331e-06,0.0,float32,640
phase6_features_v1,distance_miles,0.0,0.0,float32,1727
phase6_features_v1,origin_airport,0.0,0.0,category,380
phase6_features_v1,destination_airport,0.0,0.0,category,380
phase6_features_v1,route,0.0,0.0,category,7785
phase6_features_v1,carrier_identifier,0.0,0.0,category,18
phase6_features_v1,prior_calendar_month_carrier_scheduled_flight_count,0.0,0.0,int64,850
phase6_features_v1,prior_calendar_month_origin_scheduled_flight_count,0.0,0.0,int64,1516
phase6_features_v1,prior_calendar_month_route_scheduled_flight_count,0.0,0.0,int64,144
phase6_features_v1,prior_month_origin_out_degree,0.0,0.0,int64,183
phase6_features_v1,prior_month_origin_weighted_out_degree,0.0,0.0,int64,1516
phase6_features_v1,prior_month_destination_in_degree,0.0,0.0,int64,181
phase6_features_v1,prior_month_destination_weighted_in_degree,0.0,0.0,int64,1530
