bin,rows,events,mean_predicted,observed_rate
1,66762,722,0.00507474064717654,0.01081453521464306
2,66762,933,0.008048502968078849,0.01397501572750966
3,66761,1204,0.01053165138391138,0.01803448120908914
4,66762,1345,0.012911642504766879,0.020146190946945867
5,66761,1497,0.015415025234007134,0.02242327107143392
6,66762,1723,0.01827798767008586,0.02580809442497229
7,66761,1924,0.021806676083294143,0.028819220802564372
8,66762,2184,0.026522001220302675,0.03271322009526377
9,66761,2567,0.03382760219588322,0.03845059241173739
10,66762,3721,0.05572639739046065,0.05573529852311195
