target,period,rows,events,prevalence,scorer,pr_auc,pr_auc_low,pr_auc_high,lift,lift_low,lift_high,difference_vs_reference,difference_low,difference_high,share_better,roc_auc
severe_delay_120,validation_2022,667616,17820,0.02669199060537794,lightgbm_locked,0.04792840382302811,0.043710010378195406,0.05244097894323137,1.7956099465047552,1.6872173448592251,1.9248083341597535,0.011192725688080558,0.008438308626636564,0.014335882393739674,1.0,0.6430433759150129
severe_delay_120,validation_2022,667616,17820,0.02669199060537794,baseline_prevalence,0.02669199060537794,0.024831855246334435,0.028712909298840593,1.0,1.0,1.0,-0.010043687529569613,-0.011237315236101124,-0.008880053469079377,0.0,0.5
severe_delay_120,validation_2022,667616,17820,0.02669199060537794,baseline_carrier_rate,0.036735678134947554,0.03443722480971047,0.03929887270114033,1.3762809480213887,1.330895781724111,1.42543302920427,,,,,0.5831934416346806
severe_delay_120,validation_2022,667616,17820,0.02669199060537794,baseline_origin_rate,0.033481614653077085,0.030991895202465126,0.03616943281000405,1.2543693405291083,1.217496382702286,1.2904846790860351,-0.0032540634818704686,-0.00433574774257135,-0.002227864118314016,0.0,0.5734666524520698
severe_delay_120,validation_2022,667616,17820,0.02669199060537794,baseline_destination_rate,0.03226731237559302,0.029902703103449405,0.034877972743582064,1.20887620757261,1.1776200589260861,1.243409144338805,-0.0044683657593545326,-0.005589167932755861,-0.003353511543369185,0.0,0.5648503212532026
severe_delay_120,validation_2022,667616,17820,0.02669199060537794,baseline_route_rate,0.033967041492806035,0.03143289976891428,0.036614878746380274,1.2725555765017507,1.2363664600569355,1.3091570036936915,-0.0027686366421415184,-0.0038767903095284282,-0.0017361615660215957,0.0,0.5761814336823134
severe_delay_120,final_2023,454413,14484,0.03187408810927504,lightgbm_locked,0.05911092683929557,0.0539931509742238,0.06517804290342322,1.8545135044065741,1.729070198041967,1.9841197414156901,0.015726925266618057,0.012129472104806839,0.019679427300929444,1.0,0.6563261039042321
severe_delay_120,final_2023,454413,14484,0.03187408810927504,baseline_prevalence,0.03187408810927504,0.029626836558917128,0.03444851007437145,1.0,1.0,1.0,-0.011509913463402473,-0.013129125000504076,-0.010046244160166879,0.0,0.5
severe_delay_120,final_2023,454413,14484,0.03187408810927504,baseline_carrier_rate,0.043384001572677515,0.04051277760392789,0.04659094855731069,1.3611056549741167,1.3121124027952453,1.4128016672798072,,,,,0.5920406578417347
severe_delay_120,final_2023,454413,14484,0.03187408810927504,baseline_origin_rate,0.03783391825598087,0.03490401741992669,0.041169971597481966,1.1869804126246226,1.1593694438343842,1.217365585639424,-0.005550083316696645,-0.006988507939977793,-0.004219295039246326,0.0,0.5639238604191453
severe_delay_120,final_2023,454413,14484,0.03187408810927504,baseline_destination_rate,0.03789907329755219,0.035023912114044355,0.041195231078178206,1.1890245508395874,1.1616943222564913,1.221469253196929,-0.005484928275125325,-0.006993002486748296,-0.003965355293188041,0.0,0.5671014617583696
severe_delay_120,final_2023,454413,14484,0.03187408810927504,baseline_route_rate,0.03856628766957338,0.03564400828322426,0.04168188414709784,1.2099573652854079,1.1831196673788216,1.2424983606320055,-0.004817713903104134,-0.006283912260644656,-0.003345302102451105,0.0,0.568019678452181
