config,seed,epoch,loss,pr_auc,val_loss,val_pr_auc
0,42,1,0.11044371128082275,0.047856781631708145,0.11063449829816818,0.04963123798370361
0,42,2,0.10726413875818253,0.06126394122838974,0.11152587085962296,0.049219608306884766
0,42,3,0.10502173006534576,0.0702640488743782,0.11409509927034378,0.04653066396713257
0,42,4,0.10299143940210342,0.07971161603927612,0.11623108386993408,0.044998832046985626
0,43,1,0.110153429210186,0.04963149130344391,0.11095093190670013,0.04814297705888748
0,43,2,0.10732326656579971,0.0613216757774353,0.11173982918262482,0.04967906326055527
0,43,3,0.10510832071304321,0.07100719213485718,0.11374431103467941,0.04639133810997009
0,43,4,0.10311422497034073,0.08038856089115143,0.11649204790592194,0.0443253368139267
0,43,5,0.10096215456724167,0.09060709178447723,0.11808298528194427,0.04363247752189636
0,44,1,0.1102130338549614,0.04993247240781784,0.11037945002317429,0.05110916122794151
0,44,2,0.10722802579402924,0.06215129792690277,0.11193158477544785,0.04877288639545441
0,44,3,0.10494361817836761,0.07256630808115005,0.11342077702283859,0.046399958431720734
0,44,4,0.1027829721570015,0.08213838934898376,0.11608342081308365,0.04372668266296387
