arch,perturbation,description,rows,events,pr_auc,mean_score,mean_abs_score_change,rank_correlation_with_baseline,delta_pr_auc,ci_low,ci_high,verdict
lstm,baseline,"trained network, inputs unchanged",341232,8887,0.04538950129113999,0.02059135156454471,0.0,1.0,,,,
lstm,no_sequence,lookback removed (no real step),341232,8887,0.04425362200450596,0.016996313729905406,0.0051423093095461616,0.9325249900023455,-0.0011358792866340353,-0.0025511866742614206,-0.00013957245049141728,"PR-AUC falls, whole interval below zero: the network relies on this input"
lstm,shuffled_lookbacks,each flight gets another flight's lookback (same batch),341232,8887,0.04173626244825304,0.021733151932216234,0.007198600923038006,0.8693848782439201,-0.003653238842886951,-0.005685272067717205,-0.0020603689038459516,"PR-AUC falls, whole interval below zero: the network relies on this input"
lstm,keep_newest_1,only the newest 1 of 16 bins kept,341232,8887,0.04515397386389545,0.017441152673460344,0.004466611130892548,0.9506528152686621,-0.00023552742724454456,-0.0010104228325727078,0.0005655043392579931,no clear change: the interval includes zero
lstm,keep_newest_4,only the newest 4 of 16 bins kept,341232,8887,0.04504327436181044,0.017581670250242973,0.0034526823099691587,0.9731840329401337,-0.00034622692932955584,-0.0010769040639655046,0.00027494011012730484,no clear change: the interval includes zero
lstm,keep_newest_8,only the newest 8 of 16 bins kept,341232,8887,0.045523818351822135,0.019117846170262773,0.0015803473012825863,0.9958506068351296,0.00013431706068214172,-0.0001106729140795436,0.00036541183754041154,no clear change: the interval includes zero
lstm,mask_oldest_quarter,bins 0 to 3 hidden (0 is the oldest),341232,8887,0.04537832064047231,0.020119775358110235,0.0005954080491297945,0.9991045554292998,-1.118065066768592e-05,-0.00011924929420554522,8.667020208549989e-05,no clear change: the interval includes zero
lstm,mask_second_oldest_quarter,bins 4 to 7 hidden (0 is the oldest),341232,8887,0.04543799947545423,0.020289684909685263,0.001258636487186426,0.9946993787561014,4.849818431423847e-05,-0.0002357493378408633,0.0003918091989822604,no clear change: the interval includes zero
lstm,mask_second_newest_quarter,bins 8 to 11 hidden (0 is the oldest),341232,8887,0.04474776862010656,0.020077577857106035,0.002011568613210238,0.9863742130741433,-0.0006417326710334362,-0.0015638259670008978,1.431558530578122e-05,no clear change: the interval includes zero
lstm,mask_newest_quarter,bins 12 to 15 hidden (0 is the oldest),341232,8887,0.04406980874804337,0.02128397457148586,0.0040469679942754045,0.9367227581352833,-0.0013196925430966205,-0.0021859267122806354,-0.000502042882834141,"PR-AUC falls, whole interval below zero: the network relies on this input"
