regime,scheduled_hour_local,cancelled_flights,diverted_flights,completed_arrival_flights,severe_delay_flights,arrival_delay_sum,scheduled_flights,cancellation_rate_pct,diversion_rate_pct,severe_delay_rate_pct,mean_arrival_delay_minutes
2019 pre-COVID reference,0,16,3,1730,23,-1052.0,1749,0.9148084619782733,0.17152658662092624,1.329479768786127,-0.608092485549133
2019 pre-COVID reference,1,8,0,687,14,2849.0,695,1.1510791366906474,0.0,2.037845705967977,4.1470160116448325
2019 pre-COVID reference,2,3,1,223,8,3014.0,227,1.3215859030837005,0.44052863436123346,3.587443946188341,13.515695067264573
2019 pre-COVID reference,3,1,1,204,8,2060.0,206,0.4854368932038835,0.4854368932038835,3.9215686274509802,10.098039215686274
2019 pre-COVID reference,4,0,0,109,5,1186.0,109,0.0,0.0,4.587155963302752,10.880733944954128
2019 pre-COVID reference,5,414,28,17556,281,-45991.0,17998,2.300255583953773,0.1555728414268252,1.6005923900660743,-2.619674185463659
2019 pre-COVID reference,6,996,106,55617,865,-120496.0,56719,1.7560253177947425,0.1868862286006453,1.5552798604743154,-2.1665318158117124
2019 pre-COVID reference,7,812,124,50200,788,-45627.0,51136,1.5879224030037546,0.24249061326658322,1.5697211155378485,-0.9089043824701195
2019 pre-COVID reference,8,724,117,48735,765,-22976.0,49576,1.4603840568016782,0.23600129094723254,1.569713758079409,-0.4714476249102288
2019 pre-COVID reference,9,640,106,43409,744,6230.0,44155,1.4494394745781904,0.2400634129770128,1.7139302909534888,0.14351862516989564
2019 pre-COVID reference,10,720,113,45254,883,78465.0,46087,1.562262677110682,0.24518844793542646,1.9512087329296857,1.7338798780218323
2019 pre-COVID reference,11,637,130,45374,971,102981.0,46141,1.3805509200060684,0.28174508571552415,2.1399920659408473,2.2696037378234233
2019 pre-COVID reference,12,733,167,46560,1199,246021.0,47460,1.5444584913611463,0.35187526337968816,2.575171821305842,5.2839561855670105
2019 pre-COVID reference,13,661,152,41594,1113,223354.0,42407,1.558704930789728,0.3584313910439314,2.675866711544934,5.369861037649661
2019 pre-COVID reference,14,868,147,43620,1382,348524.0,44635,1.9446622605578583,0.32933796348157274,3.168271435121504,7.990004585052728
2019 pre-COVID reference,15,792,135,43954,1422,359333.0,44881,1.7646665626879972,0.3007954368218177,3.235200436820312,8.175205897074214
2019 pre-COVID reference,16,898,125,42709,1550,438734.0,43732,2.0534162626909356,0.28583188511844876,3.6292116415743756,10.27263574422253
2019 pre-COVID reference,17,969,132,47073,1821,501897.0,48174,2.0114584630713663,0.27400672561962885,3.8684596265375055,10.662099292588108
2019 pre-COVID reference,18,1022,118,43039,1805,548199.0,44179,2.3133162814912063,0.2670952262387107,4.193870675433908,12.737261553474756
2019 pre-COVID reference,19,895,101,39647,1577,484694.0,40643,2.202101222842802,0.24850527766158995,3.9776023406562917,12.225237722904634
2019 pre-COVID reference,20,778,90,36269,1259,402389.0,37137,2.0949457414438433,0.24234590839324663,3.4712840166533403,11.094571121343296
2019 pre-COVID reference,21,532,40,23076,689,237353.0,23648,2.249661705006766,0.16914749661705006,2.9857860981105913,10.285708094990467
2019 pre-COVID reference,22,418,35,20016,464,163569.0,20469,2.0421124627485465,0.17099027798133765,2.3181454836131095,8.171912470023981
2019 pre-COVID reference,23,57,12,5441,125,25133.0,5510,1.0344827586206897,0.2177858439201452,2.2973718066531887,4.6191876493291675
2020 COVID operational shock,0,32,0,793,5,-6787.0,825,3.878787878787879,0.0,0.6305170239596469,-8.558638083228248
2020 COVID operational shock,1,14,0,302,6,-1166.0,316,4.430379746835443,0.0,1.9867549668874172,-3.8609271523178808
2020 COVID operational shock,2,3,0,81,1,-529.0,84,3.5714285714285716,0.0,1.2345679012345678,-6.530864197530864
2020 COVID operational shock,3,7,0,71,3,359.0,78,8.974358974358974,0.0,4.225352112676056,5.056338028169014
2020 COVID operational shock,4,0,0,29,0,22.0,29,0.0,0.0,0.0,0.7586206896551724
2020 COVID operational shock,5,717,13,5896,101,-29469.0,6626,10.82100814971325,0.19619680048294597,1.7130257801899593,-4.998134328358209
2020 COVID operational shock,6,2083,52,28607,305,-185867.0,30742,6.77574653568408,0.16914969748227182,1.0661726150942077,-6.497255916384102
2020 COVID operational shock,7,1895,55,31361,328,-199315.0,33311,5.688811503707484,0.16511062411815916,1.0458850164216702,-6.355505245368451
2020 COVID operational shock,8,1980,60,32690,263,-210712.0,34730,5.701122948459545,0.17276130146847107,0.8045273784031814,-6.445763230345672
2020 COVID operational shock,9,1858,43,29201,239,-188666.0,31102,5.9738923541894415,0.1382547746125651,0.818465121057498,-6.460943118386357
2020 COVID operational shock,10,1866,43,30151,319,-164708.0,32060,5.820336868371803,0.13412351840299438,1.0580080262677856,-5.462770720705781
2020 COVID operational shock,11,1847,43,31375,302,-182439.0,33265,5.552382383886968,0.12926499323613408,0.9625498007968127,-5.814788844621514
2020 COVID operational shock,12,1800,44,28347,337,-143613.0,30191,5.962041668046769,0.14573879633003212,1.1888383250432144,-5.066250396867393
2020 COVID operational shock,13,1692,59,28175,317,-146327.0,29926,5.653946401122769,0.1971529773441155,1.1251109139307898,-5.193504880212955
2020 COVID operational shock,14,1716,63,28831,321,-133011.0,30610,5.606011107481216,0.20581509310682783,1.1133848981998544,-4.6134716104193405
2020 COVID operational shock,15,1851,55,28700,325,-114418.0,30606,6.047833758086649,0.1797033261452003,1.132404181184669,-3.9866898954703833
2020 COVID operational shock,16,1690,48,26748,373,-70105.0,28486,5.932738889278944,0.16850382644105877,1.3944967848063408,-2.6209436219530433
2020 COVID operational shock,17,1861,46,30974,337,-151865.0,32881,5.65980353395578,0.13989842158085217,1.0880092981210048,-4.902983147155679
2020 COVID operational shock,18,1655,50,26654,322,-85128.0,28359,5.835889840967594,0.1763108713283261,1.208073835071659,-3.1938170631049747
2020 COVID operational shock,19,1416,46,22539,254,-102114.0,24001,5.899754176909296,0.19165868088829632,1.1269355339633524,-4.53054705177692
2020 COVID operational shock,20,1249,23,20081,211,-78076.0,21353,5.849295181005011,0.10771320189200581,1.0507444848364125,-3.888053383795628
2020 COVID operational shock,21,734,13,9805,105,-30511.0,10552,6.956027293404094,0.12319939347990902,1.0708822029576746,-3.1117797042325344
2020 COVID operational shock,22,667,11,6317,69,-15534.0,6995,9.535382416011437,0.15725518227305219,1.0922906442931772,-2.4590786765869876
2020 COVID operational shock,23,124,3,2095,20,-13776.0,2222,5.5805580558055805,0.135013501350135,0.954653937947494,-6.575656324582339
2021-2023 recovery and transition,0,64,4,3025,70,18519.0,3093,2.0691884901390236,0.12932428063368898,2.3140495867768593,6.121983471074381
2021-2023 recovery and transition,1,18,3,1017,26,6890.0,1038,1.7341040462427746,0.28901734104046245,2.55653883972468,6.774827925270404
2021-2023 recovery and transition,2,11,2,403,17,9055.0,416,2.644230769230769,0.4807692307692308,4.218362282878412,22.468982630272954
2021-2023 recovery and transition,3,9,0,232,2,1129.0,241,3.7344398340248963,0.0,0.8620689655172413,4.866379310344827
2021-2023 recovery and transition,4,4,0,176,3,2028.0,180,2.2222222222222223,0.0,1.7045454545454546,11.522727272727273
2021-2023 recovery and transition,5,892,66,38843,646,-104426.0,39801,2.241149719856285,0.1658249792718776,1.6631053214221352,-2.6884123265453237
2021-2023 recovery and transition,6,2710,227,120552,2165,-205505.0,123489,2.194527447788872,0.18382204082954756,1.7959055013604088,-1.704700046452983
2021-2023 recovery and transition,7,2330,237,116874,2034,-91502.0,119441,1.9507539287179445,0.1984243266550012,1.7403357461882027,-0.7829115115423447
2021-2023 recovery and transition,8,2088,254,120266,2020,7278.0,122608,1.7029883857497063,0.2071642959676367,1.6796101973957727,0.06051585651805165
2021-2023 recovery and transition,9,1756,188,100482,1735,118099.0,102426,1.7144084509792437,0.18354714623240193,1.726677414860373,1.1753249338189924
2021-2023 recovery and transition,10,1954,240,111343,2084,218529.0,113537,1.7210248641412051,0.21138483489963625,1.8716937750913842,1.9626649183154756
2021-2023 recovery and transition,11,1767,310,108686,2191,327386.0,110763,1.595298068849706,0.279876854184159,2.015899011832251,3.0122186850192296
2021-2023 recovery and transition,12,1851,352,104078,2330,463782.0,106281,1.7416095068732886,0.3311974859099933,2.238705586194969,4.456100232517919
2021-2023 recovery and transition,13,1821,401,106170,2837,729445.0,108392,1.6800132851132925,0.3699535021034763,2.6721296034661393,6.870537816709051
2021-2023 recovery and transition,14,2045,338,100352,3073,855142.0,102735,1.9905582323453546,0.32900180074950114,3.062220982142857,8.521424585459183
2021-2023 recovery and transition,15,2077,325,101335,3232,998337.0,103737,2.0021785862324917,0.3132922679468271,3.189421226624562,9.85184783145014
2021-2023 recovery and transition,16,2213,312,98749,3377,1066287.0,101275,2.185139471735374,0.3080720809676623,3.4197814661414294,10.797952384327942
2021-2023 recovery and transition,17,2609,271,105400,3848,1281164.0,108280,2.4094939046915402,0.25027705947543405,3.650853889943074,12.155256166982921
2021-2023 recovery and transition,18,2687,226,104120,3798,1272974.0,107033,2.5104407052030684,0.21114983229471285,3.647714175950826,12.226027660391855
2021-2023 recovery and transition,19,2521,188,91526,3424,1263948.0,94236,2.67519843796426,0.19949912984422088,3.741013482507703,13.809715272163102
2021-2023 recovery and transition,20,2205,154,76085,2782,1050212.0,78444,2.8109224414869205,0.19631839273876905,3.6564368798054807,13.803141223631465
2021-2023 recovery and transition,21,1643,105,56560,1853,754001.0,58308,2.81779515675379,0.180078205392056,3.276166902404526,13.330993635077794
2021-2023 recovery and transition,22,1209,77,41716,1287,551820.0,43002,2.8114971396679223,0.17906143900283708,3.0851471857320933,13.22801802665644
2021-2023 recovery and transition,23,305,23,13893,343,134617.0,14221,2.144715561493566,0.1617326488995148,2.468869214712445,9.689555891456129
