regime,entity_type,entity,scheduled_flights,cancelled_flights,diverted_flights,completed_arrival_flights,severe_delay_flights,arrival_delay_sum,cancellation_rate_pct,diversion_rate_pct,severe_delay_rate_pct,mean_arrival_delay_minutes,severe_delay_rank
2019 pre-COVID reference,carrier,B6,30395,399,86,29910,1484,333292.0,1.3127159072215826,0.28294127323572954,4.961551320628552,11.143162821798729,1
2019 pre-COVID reference,carrier,EV,13756,636,55,13065,647,204046.0,4.623437045652806,0.3998255306775225,4.952162265595101,15.617757367011098,2
2019 pre-COVID reference,carrier,F9,13929,217,22,13690,557,127943.0,1.5579007825400244,0.15794385813769832,4.068663257852447,9.34572680788897,3
2019 pre-COVID reference,carrier,YV,23274,691,69,22514,898,241611.0,2.968978259001461,0.2964681618973962,3.988629297326108,10.731589233365906,4
2019 pre-COVID reference,carrier,OO,85329,1749,314,83266,2847,554656.0,2.0497134620117428,0.36798743686202817,3.419162683448226,6.661254293469123,5
2019 pre-COVID reference,carrier,UA,63572,533,209,62830,2117,481272.0,0.8384194299377085,0.328761089787957,3.3694095177462997,7.659907687410473,6
2019 pre-COVID reference,carrier,9E,26235,449,71,25715,788,57549.0,1.711454164284353,0.2706308366685725,3.064359323352129,2.2379545012638538,7
2019 pre-COVID reference,carrier,OH,29435,692,80,28663,867,184529.0,2.3509427552233735,0.27178528962119924,3.0248054983776993,6.4378815895056345,8
2019 pre-COVID reference,carrier,YX,33617,771,83,32763,931,153955.0,2.293482464229408,0.24689889044233573,2.8416201202576077,4.699050758477551,9
2019 pre-COVID reference,carrier,NK,20877,354,30,20493,560,104226.0,1.695645926138813,0.14369880729989942,2.732640413799834,5.085931781583955,10
2019 pre-COVID reference,carrier,AA,96676,2031,254,94391,2546,662089.0,2.100831643841284,0.26273325334105674,2.6972910552912883,7.014323399476645,11
2019 pre-COVID reference,carrier,G4,10803,48,26,10729,281,79011.0,0.44432102193835044,0.24067388688327315,2.6190698107931776,7.364246434896076,12
2019 pre-COVID reference,carrier,MQ,33307,1139,123,32045,788,212182.0,3.4197015642357464,0.3692917404749752,2.459041972226556,6.621376189733188,13
2019 pre-COVID reference,carrier,DL,101443,179,220,101044,2019,141877.0,0.1764537720690437,0.2168705578502213,1.9981394244091684,1.404111080321444,14
2019 pre-COVID reference,carrier,AS,27051,293,60,26698,404,34241.0,1.083139255480389,0.22180326050792948,1.5132219641920743,1.2825305266312084,15
2019 pre-COVID reference,carrier,WN,139406,3405,274,135727,1988,362468.0,2.442506061432076,0.19654821169820524,1.4647048855423017,2.670566652176796,16
2019 pre-COVID reference,carrier,HA,8568,8,7,8553,39,4896.0,0.09337068160597572,0.08169934640522876,0.4559803577692038,0.5724307260610312,17
2019 pre-COVID reference,origin_airport,EWR,13950,394,38,13518,675,178627.0,2.824372759856631,0.2724014336917563,4.993342210386152,13.214010948365143,1
2019 pre-COVID reference,origin_airport,HPN,1193,39,5,1149,54,11402.0,3.269069572506287,0.4191114836546521,4.699738903394256,9.923411662315056,2
2019 pre-COVID reference,origin_airport,XNA,1403,24,4,1375,58,14534.0,1.7106200997861725,0.2851033499643621,4.218181818181818,10.570181818181819,3
2019 pre-COVID reference,origin_airport,MSN,1472,39,5,1428,60,14616.0,2.6494565217391304,0.33967391304347827,4.201680672268908,10.235294117647058,4
2019 pre-COVID reference,origin_airport,PSP,1238,19,10,1209,50,6595.0,1.5347334410339257,0.8077544426494345,4.1356492969396195,5.454921422663358,5
2019 pre-COVID reference,origin_airport,LGA,17540,506,37,16997,695,153667.0,2.884834663625998,0.21094640820980615,4.0889568747426015,9.04083073483556,6
2019 pre-COVID reference,origin_airport,ICT,1066,33,2,1031,41,5922.0,3.095684803001876,0.18761726078799248,3.9767216294859358,5.743937924345296,7
2019 pre-COVID reference,origin_airport,BOS,15373,302,47,15024,590,107261.0,1.9644831848045274,0.30573082677421454,3.9270500532481365,7.139310436634718,8
2019 pre-COVID reference,origin_airport,BHM,1978,45,7,1926,75,16870.0,2.2750252780586453,0.3538928210313448,3.8940809968847354,8.75908618899273,9
2019 pre-COVID reference,origin_airport,ROC,1497,44,6,1447,55,8581.0,2.9392117568470275,0.40080160320641284,3.8009675190048378,5.930200414651002,10
2019 pre-COVID reference,origin_airport,SAV,1840,36,10,1794,68,14632.0,1.9565217391304348,0.5434782608695652,3.79041248606466,8.156075808249721,11
2019 pre-COVID reference,origin_airport,MYR,1208,36,1,1171,44,7772.0,2.980132450331126,0.08278145695364239,3.757472245943638,6.637062339880444,12
2019 pre-COVID reference,origin_airport,SJU,2645,18,8,2619,96,23746.0,0.6805293005671077,0.30245746691871456,3.665521191294387,9.066819396716303,13
2019 pre-COVID reference,origin_airport,BUF,2597,68,5,2524,92,13801.0,2.6184058529072005,0.19252984212552945,3.6450079239302693,5.467908082408875,14
2019 pre-COVID reference,origin_airport,LIT,1395,17,5,1373,50,13917.0,1.2186379928315412,0.35842293906810035,3.641660597232338,10.13619810633649,15
2019 pre-COVID reference,origin_airport,DAY,1389,26,4,1359,49,8516.0,1.8718502519798417,0.28797696184305255,3.6055923473142015,6.2663723325974985,16
2019 pre-COVID reference,origin_airport,ORD,34600,1053,98,33449,1204,385093.0,3.0433526011560694,0.2832369942196532,3.5995097013363626,11.512840443660497,17
2019 pre-COVID reference,origin_airport,IAD,7097,81,13,7003,245,44778.0,1.1413273214034099,0.18317598985486824,3.498500642581751,6.394116807082679,18
2019 pre-COVID reference,origin_airport,PBI,2628,49,13,2566,89,21365.0,1.8645357686453576,0.4946727549467275,3.4684333593141075,8.326188620420888,19
2019 pre-COVID reference,origin_airport,MCO,14478,239,23,14216,483,119015.0,1.6507804945434452,0.1588617212322144,3.3975801913337085,8.371904895891953,20
2019 pre-COVID reference,route,ORD-LGA,1445,46,15,1384,87,28410.0,3.1833910034602075,1.0380622837370241,6.286127167630058,20.527456647398843,1
2019 pre-COVID reference,route,BOS-LGA,1057,46,2,1009,62,13817.0,4.351939451277199,0.1892147587511826,6.144697720515362,13.693756194251735,2
2019 pre-COVID reference,route,LGA-ORD,1506,50,3,1453,82,22793.0,3.3200531208499338,0.199203187250996,5.643496214728149,15.686854783207158,3
2019 pre-COVID reference,route,LGA-BOS,1016,33,1,982,46,10313.0,3.248031496062992,0.0984251968503937,4.684317718940937,10.5020366598778,4
2019 pre-COVID reference,route,LAX-SFO,1438,47,1,1390,59,11478.0,3.2684283727399164,0.06954102920723226,4.244604316546763,8.257553956834533,5
2019 pre-COVID reference,route,SFO-LAX,1561,59,0,1502,42,8042.0,3.7796284433055733,0.0,2.796271637816245,5.354194407456724,6
2019 pre-COVID reference,route,LAX-JFK,1307,6,4,1297,32,-698.0,0.4590665646518745,0.306044376434583,2.4672320740169624,-0.5381649961449498,7
2019 pre-COVID reference,route,JFK-LAX,1272,6,2,1264,29,-974.0,0.4716981132075472,0.15723270440251572,2.2943037974683542,-0.7705696202531646,8
2019 pre-COVID reference,route,LAS-LAX,1182,12,0,1170,18,2932.0,1.015228426395939,0.0,1.5384615384615385,2.505982905982906,9
2019 pre-COVID reference,route,LAX-LAS,1212,7,1,1204,9,2564.0,0.5775577557755776,0.08250825082508251,0.7475083056478405,2.129568106312292,10
2019 pre-COVID reference,route,HNL-OGG,1110,2,0,1108,4,-358.0,0.18018018018018017,0.0,0.36101083032490977,-0.3231046931407942,11
2019 pre-COVID reference,route,OGG-HNL,1132,1,0,1131,4,14.0,0.08833922261484099,0.0,0.3536693191865606,0.01237842617152962,12
2020 COVID operational shock,carrier,G4,10030,1488,56,8486,236,33949.0,14.835493519441675,0.5583250249252243,2.7810511430591562,4.000589205750648,1
2020 COVID operational shock,carrier,OH,19833,1447,36,18350,358,12085.0,7.295920939847728,0.1815156557253063,1.9509536784741144,0.65858310626703,2
2020 COVID operational shock,carrier,YV,13933,820,26,13087,242,-5323.0,5.885308260963181,0.1866073351037106,1.8491632918163063,-0.40673951249331397,3
2020 COVID operational shock,carrier,OO,61009,2568,125,58316,941,-199349.0,4.209215033847465,0.2048878034388369,1.6136223334933808,-3.4184271897935385,4
2020 COVID operational shock,carrier,B6,14521,754,28,13739,205,-73393.0,5.192479856759176,0.1928241856621445,1.4921027731275929,-5.3419462843001675,5
2020 COVID operational shock,carrier,NK,13841,339,24,13478,190,-39733.0,2.44924499674879,0.1733978758760205,1.409704703962012,-2.9479893159222437,6
2020 COVID operational shock,carrier,F9,9222,474,8,8740,120,-55810.0,5.139882888744307,0.08674907829104316,1.3729977116704806,-6.38558352402746,7
2020 COVID operational shock,carrier,MQ,21466,1107,31,20328,256,-18032.0,5.1569924531817755,0.14441442280816175,1.2593467138921683,-0.8870523415977961,8
2020 COVID operational shock,carrier,EV,5326,426,14,4886,59,-23962.0,7.998497934660158,0.26286143447239957,1.2075317232910356,-4.9042161277118295,9
2020 COVID operational shock,carrier,9E,21729,677,31,21021,237,-143656.0,3.115651893782503,0.1426664825808827,1.1274439845868418,-6.8339279767851195,10
2020 COVID operational shock,carrier,AA,58447,3545,92,54810,607,-233789.0,6.065324139818982,0.1574075658288706,1.1074621419449007,-4.265444261995986,11
2020 COVID operational shock,carrier,UA,31584,2260,62,29262,324,-211723.0,7.155521783181357,0.19630192502532928,1.1072380561820792,-7.23542478299501,12
2020 COVID operational shock,carrier,DL,59251,2957,61,56233,515,-234579.0,4.990633069484059,0.10295184891394238,0.9158323404406665,-4.17155406967439,13
2020 COVID operational shock,carrier,YX,22490,1050,29,21411,190,-187391.0,4.668741662961316,0.12894619831036017,0.8873943300172809,-8.752090047172015,14
2020 COVID operational shock,carrier,AS,14145,566,29,13550,98,-89349.0,4.0014139271827505,0.2050194414987628,0.7232472324723247,-6.594022140221402,15
2020 COVID operational shock,carrier,WN,98346,8072,114,90160,273,-771774.0,8.207756289020397,0.11591727167347934,0.3027950310559006,-8.560048802129547,16
2020 COVID operational shock,carrier,HA,4177,207,4,3966,12,-11926.0,4.955709839597797,0.09576250897773522,0.30257186081694404,-3.0070600100857288,17
2020 COVID operational shock,origin_airport,SAV,1158,65,2,1091,21,-2127.0,5.613126079447323,0.17271157167530224,1.924839596700275,-1.9495875343721356,1
2020 COVID operational shock,origin_airport,ORF,1424,79,2,1343,24,-1827.0,5.547752808988764,0.1404494382022472,1.7870439314966493,-1.3603871928518243,2
2020 COVID operational shock,origin_airport,DSM,1201,67,2,1132,18,-3641.0,5.578684429641965,0.16652789342214822,1.5901060070671378,-3.2164310954063606,3
2020 COVID operational shock,origin_airport,GRR,1354,83,5,1266,20,-4668.0,6.129985228951256,0.36927621861152143,1.5797788309636651,-3.6872037914691944,4
2020 COVID operational shock,origin_airport,CVG,2842,178,3,2661,41,-8673.0,6.263194933145672,0.1055594651653765,1.5407741450582488,-3.2593010146561445,5
2020 COVID operational shock,origin_airport,SJU,2079,88,9,1982,30,-2654.0,4.232804232804233,0.4329004329004329,1.513622603430878,-1.3390514631685166,6
2020 COVID operational shock,origin_airport,SDF,1577,117,1,1459,22,-6569.0,7.419150285351934,0.06341154090044387,1.5078821110349554,-4.502398903358465,7
2020 COVID operational shock,origin_airport,OKC,1595,88,1,1506,22,-2794.0,5.517241379310345,0.06269592476489028,1.4608233731739708,-1.8552456839309428,8
2020 COVID operational shock,origin_airport,PBI,1721,119,3,1599,23,-7215.0,6.914584543869843,0.17431725740848344,1.4383989993746091,-4.512195121951219,9
2020 COVID operational shock,origin_airport,BUF,1293,104,1,1188,17,-10887.0,8.043310131477185,0.07733952049497293,1.430976430976431,-9.164141414141413,10
2020 COVID operational shock,origin_airport,JFK,5800,362,7,5431,76,-50271.0,6.241379310344827,0.1206896551724138,1.3993739642791383,-9.256306389246916,11
2020 COVID operational shock,origin_airport,PVD,1004,73,2,929,13,-5368.0,7.270916334661354,0.199203187250996,1.3993541442411195,-5.778256189451023,12
2020 COVID operational shock,origin_airport,TYS,1082,70,3,1009,14,-3355.0,6.469500924214418,0.27726432532347506,1.3875123885034688,-3.325074331020813,13
2020 COVID operational shock,origin_airport,IAD,4383,257,4,4122,57,-21375.0,5.863563769107917,0.09126169290440338,1.3828238719068413,-5.185589519650655,14
2020 COVID operational shock,origin_airport,CLE,2825,143,3,2679,36,-15405.0,5.061946902654867,0.10619469026548672,1.343784994400896,-5.750279955207167,15
2020 COVID operational shock,origin_airport,EWR,6881,433,12,6436,85,-36898.0,6.292690015986048,0.17439325679407064,1.3206960845245495,-5.7330640149160965,16
2020 COVID operational shock,origin_airport,DFW,23207,1198,34,21975,290,-7791.0,5.1622355323824705,0.14650751928297495,1.3196814562002275,-0.35453924914675766,17
2020 COVID operational shock,origin_airport,RSW,3114,175,7,2932,38,-11664.0,5.619781631342325,0.224791265253693,1.296043656207367,-3.9781718963165074,18
2020 COVID operational shock,origin_airport,LGA,7322,585,10,6727,86,-82481.0,7.989620322316307,0.13657470636438132,1.2784302066299986,-12.261186264308012,19
2020 COVID operational shock,origin_airport,MSY,3347,270,3,3074,39,-8812.0,8.06692560501942,0.089632506722438,1.2687052700065062,-2.866623292127521,20
2021-2023 recovery and transition,carrier,B6,67928,1886,244,65798,3732,1083686.0,2.7764692026851963,0.3592038629136733,5.6719049211222226,16.469892701905835,1
2021-2023 recovery and transition,carrier,F9,41315,975,58,40281,1812,623986.0,2.359917705433862,0.1403848481181169,4.498398748789752,15.490826940741293,2
2021-2023 recovery and transition,carrier,G4,31905,847,94,30964,1378,553648.0,2.6547563077887477,0.29462466698009715,4.450329414804289,17.88037721224648,3
2021-2023 recovery and transition,carrier,YV,27805,862,67,26876,1004,220407.0,3.1001618413954324,0.24096385542168675,3.735674951629707,8.20088554844471,4
2021-2023 recovery and transition,carrier,NK,60993,1619,145,59229,2205,683855.0,2.6544029642745888,0.23773219877690882,3.7228384743959886,11.545948775093281,5
2021-2023 recovery and transition,carrier,AA,227983,5331,635,222017,7356,2044468.0,2.3383322440708296,0.2785295394832071,3.313259795421071,9.208610151474888,6
2021-2023 recovery and transition,carrier,UA,159348,2743,427,156178,4509,980735.0,1.7213896628762206,0.26796696538393955,2.887090371243069,6.279597638591863,7
2021-2023 recovery and transition,carrier,OO,197399,3428,567,193404,5184,992446.0,1.7365842785424446,0.28723549764689793,2.6803995780852516,5.131465740108788,8
2021-2023 recovery and transition,carrier,OH,57782,1162,150,56470,1436,209935.0,2.0110068879581875,0.2595964141081998,2.5429431556578717,3.717637683725872,9
2021-2023 recovery and transition,carrier,YX,87000,2825,201,83973,1934,114967.0,3.2471264367816093,0.23103448275862068,2.303121241351387,1.369094828099508,10
2021-2023 recovery and transition,carrier,DL,234545,2846,501,231198,4749,514228.0,1.2134132042891557,0.2136050651260952,2.054083512833156,2.224188790560472,11
2021-2023 recovery and transition,carrier,9E,64499,1268,119,63112,1276,-52141.0,1.96592195227833,0.18449898448037955,2.0218025098238055,-0.8261661807580175,12
2021-2023 recovery and transition,carrier,MQ,66483,1387,157,64939,1252,190506.0,2.0862476121715328,0.23615059488891899,1.9279631654321747,2.933614622953849,13
2021-2023 recovery and transition,carrier,WN,338718,7988,748,329982,5986,2226884.0,2.3583039578646545,0.22083266906394108,1.8140383414852932,6.748501433411519,14
2021-2023 recovery and transition,carrier,AS,59271,1075,150,58046,923,163025.0,1.8137031600614129,0.25307485954345293,1.590118182131413,2.8085483926541017,15
2021-2023 recovery and transition,carrier,QX,20634,374,23,20237,247,48088.0,1.812542405738102,0.11146651158282446,1.2205366408064438,2.3762415377773385,16
2021-2023 recovery and transition,carrier,HA,19369,173,17,19179,194,130486.0,0.893179823429191,0.08776911559708812,1.0115230199697587,6.803587256895563,17
2021-2023 recovery and transition,origin_airport,ASE,1685,150,7,1528,96,34758.0,8.90207715133531,0.41543026706231456,6.282722513089006,22.74738219895288,1
2021-2023 recovery and transition,origin_airport,PGD,1670,43,8,1619,82,29039.0,2.5748502994011977,0.47904191616766467,5.06485484867202,17.936380481778876,2
2021-2023 recovery and transition,origin_airport,FWA,1360,36,2,1322,60,12807.0,2.6470588235294117,0.14705882352941177,4.53857791225416,9.687594553706505,3
2021-2023 recovery and transition,origin_airport,JAC,1552,26,12,1514,67,18696.0,1.675257731958763,0.7731958762886598,4.425363276089828,12.34874504623514,4
2021-2023 recovery and transition,origin_airport,FLL,23684,561,59,23064,995,292138.0,2.368687721668637,0.2491133254517818,4.314082552896289,12.666406520985085,5
2021-2023 recovery and transition,origin_airport,HPN,2827,68,11,2748,117,24004.0,2.4053767244428723,0.38910505836575876,4.25764192139738,8.735080058224163,6
2021-2023 recovery and transition,origin_airport,EWR,32158,1225,79,30854,1268,298581.0,3.809316499782325,0.24566204365943156,4.109677837557529,9.677221754067544,7
2021-2023 recovery and transition,origin_airport,MCO,39761,941,84,38736,1584,535325.0,2.3666406780513567,0.21126229219587034,4.089219330855019,13.819831681123503,8
2021-2023 recovery and transition,origin_airport,PBI,6638,183,17,6438,263,76528.0,2.7568544742392285,0.2561012353118409,4.085119602360981,11.886921404162784,9
2021-2023 recovery and transition,origin_airport,IDA,1100,14,6,1080,44,14460.0,1.2727272727272727,0.5454545454545454,4.074074074074074,13.38888888888889,10
2021-2023 recovery and transition,origin_airport,FAR,1722,45,0,1677,68,12718.0,2.6132404181184667,0.0,4.054859868813357,7.583780560524747,11
2021-2023 recovery and transition,origin_airport,SFB,2548,75,7,2466,98,38567.0,2.9434850863422293,0.27472527472527475,3.9740470397404706,15.639497161394972,12
2021-2023 recovery and transition,origin_airport,AMA,1311,55,5,1251,49,12006.0,4.195270785659802,0.38138825324180015,3.9168665067945643,9.597122302158274,13
2021-2023 recovery and transition,origin_airport,JFK,31651,859,90,30702,1178,185893.0,2.7139742820132065,0.2843512053331648,3.8368835906455607,6.054752133411504,14
2021-2023 recovery and transition,origin_airport,PIE,2091,41,5,2045,78,22104.0,1.9607843137254901,0.2391200382592061,3.8141809290953543,10.80880195599022,15
2021-2023 recovery and transition,origin_airport,EYW,2382,72,23,2287,87,36697.0,3.022670025188917,0.9655751469353484,3.8041101880192394,16.04591167468299,16
2021-2023 recovery and transition,origin_airport,MRY,1068,12,3,1053,39,8251.0,1.1235955056179776,0.2808988764044944,3.7037037037037037,7.835707502374169,17
2021-2023 recovery and transition,origin_airport,DRO,1018,14,1,1003,37,9961.0,1.37524557956778,0.09823182711198428,3.688933200398804,9.931206380857427,18
2021-2023 recovery and transition,origin_airport,SJU,8285,135,30,8120,299,104226.0,1.6294508147254074,0.3621001810500905,3.6822660098522166,12.835714285714285,19
2021-2023 recovery and transition,origin_airport,SRQ,4328,96,14,4218,154,39468.0,2.2181146025878005,0.3234750462107209,3.651019440493125,9.357041251778094,20
2021-2023 recovery and transition,route,MCO-JFK,1274,36,1,1237,96,31864.0,2.82574568288854,0.07849293563579278,7.760711398544867,25.75909458367017,1
2021-2023 recovery and transition,route,JFK-MCO,1160,35,5,1120,75,20406.0,3.0172413793103448,0.43103448275862066,6.696428571428571,18.21964285714286,2
2021-2023 recovery and transition,route,FLL-JFK,1130,25,1,1104,72,24147.0,2.2123893805309733,0.08849557522123894,6.521739130434782,21.872282608695652,3
2021-2023 recovery and transition,route,EWR-MCO,1781,56,5,1720,105,29566.0,3.1443009545199327,0.2807411566535654,6.104651162790698,17.18953488372093,4
2021-2023 recovery and transition,route,MIA-JFK,1633,46,3,1584,93,30703.0,2.816901408450704,0.1837109614206981,5.871212121212121,19.38320707070707,5
2021-2023 recovery and transition,route,MCO-DFW,1176,32,4,1140,65,18434.0,2.7210884353741496,0.3401360544217687,5.701754385964913,16.17017543859649,6
2021-2023 recovery and transition,route,MIA-EWR,1256,37,7,1212,69,21563.0,2.945859872611465,0.5573248407643312,5.693069306930693,17.791254125412543,7
2021-2023 recovery and transition,route,FLL-EWR,1498,44,8,1446,81,26007.0,2.937249666221629,0.5340453938584779,5.601659751037344,17.985477178423235,8
2021-2023 recovery and transition,route,LGA-MCO,1180,40,1,1139,63,15326.0,3.389830508474576,0.0847457627118644,5.53116769095698,13.45566286215979,9
2021-2023 recovery and transition,route,MCO-EWR,1737,55,3,1679,92,30373.0,3.166378814047208,0.17271157167530224,5.47945205479452,18.08993448481239,10
2021-2023 recovery and transition,route,LGA-FLL,1125,38,3,1084,58,13815.0,3.3777777777777778,0.26666666666666666,5.350553505535055,12.744464944649447,11
2021-2023 recovery and transition,route,JFK-FLL,1185,36,3,1146,61,17897.0,3.037974683544304,0.25316455696202533,5.322862129144852,15.616928446771379,12
2021-2023 recovery and transition,route,MCO-ORD,1311,30,3,1278,68,18330.0,2.288329519450801,0.2288329519450801,5.320813771517997,14.342723004694836,13
2021-2023 recovery and transition,route,DFW-MCO,1190,32,4,1154,61,23126.0,2.689075630252101,0.33613445378151263,5.285961871750433,20.039861351819756,14
2021-2023 recovery and transition,route,EWR-FLL,1426,51,4,1371,71,16609.0,3.576437587657784,0.2805049088359046,5.178701677607585,12.114514952589351,15
2021-2023 recovery and transition,route,MCO-LGA,1178,30,16,1132,58,17744.0,2.5466893039049237,1.3582342954159592,5.123674911660777,15.674911660777385,16
2021-2023 recovery and transition,route,IAH-DFW,1370,50,1,1319,67,18562.0,3.6496350364963503,0.072992700729927,5.079605761940864,14.072782410917362,17
2021-2023 recovery and transition,route,JFK-BOS,1508,47,1,1460,74,15998.0,3.116710875331565,0.06631299734748011,5.068493150684931,10.957534246575342,18
2021-2023 recovery and transition,route,BOS-MCO,1219,34,5,1180,59,16392.0,2.7891714520098443,0.41017227235438886,5.0,13.891525423728813,19
2021-2023 recovery and transition,route,JFK-MIA,1637,40,4,1593,79,17161.0,2.4434941967012827,0.24434941967012827,4.959196484620214,10.772755806654112,20
